13073,IDDS 001,Administracion de Proyectos,101,M,0900-1059,"PEREZ DE CELIS
- HERRERO MARIA DE LA",1CCO4/206
13073,IDDS 001,Administracion de Proyectos,101,V,0900-1059,"PEREZ DE CELIS
- HERRERO MARIA DE LA",1CCO4/206
13139,IDDS 001,Administracion de Proyectos,102,A,1300-1459,"VILLAVICENCIO
- RAMOS BERTHA MARIA DE LOURDES",1CCO1/003
13139,IDDS 001,Administracion de Proyectos,102,J,1300-1459,"VILLAVICENCIO
- RAMOS BERTHA MARIA DE LOURDES",1CCO1/003
13168,IDDS 001,Administracion de Proyectos,104,M,1500-1659,AMBROSIO - VAZQUEZ ALMA DELIA,1CCO4/102
13168,IDDS 001,Administracion de Proyectos,104,V,1500-1659,AMBROSIO - VAZQUEZ ALMA DELIA,1CCO4/102
13180,IDDS 001,Administracion de Proyectos,106,M,1100-1259,ROSALES - LOPEZ KARINA,1CCO1V/
13180,IDDS 001,Administracion de Proyectos,106,V,1100-1259,ROSALES - LOPEZ KARINA,1CCO1V/
13201,IDDS 001,Administracion de Proyectos,107,A,1700-1859,PARRA - VICTORINO JOSE BERNARDO,1CCO4/304
13201,IDDS 001,Administracion de Proyectos,107,J,1700-1859,PARRA - VICTORINO JOSE BERNARDO,1CCO4/304
13213,IDDS 001,Administracion de Proyectos,108,M,1700-1859,VAZQUEZ - RAMIREZ JESUS,1CCO4/201
13213,IDDS 001,Administracion de Proyectos,108,V,1700-1859,VAZQUEZ - RAMIREZ JESUS,1CCO4/201
29457,IDDS 001,Administracion de Proyectos,109,A,1700-1859,MOLINA - GARCIA MARIA DEL CONSUELO,1CCO4/204
29457,IDDS 001,Administracion de Proyectos,109,J,1700-1859,MOLINA - GARCIA MARIA DEL CONSUELO,1CCO4/204
10838,CCOS 006,Algebra Lineal,OO1,L,1000-1059,SANCHEZ - GALVEZ MARIA EUGENIA,1CCO4/202
10838,CCOS 006,Algebra Lineal,OO1,A,0900-1059,SANCHEZ - GALVEZ MARIA EUGENIA,1CCO4/202
10838,CCOS 006,Algebra Lineal,OO1,J,0900-1059,SANCHEZ - GALVEZ MARIA EUGENIA,1CCO4/202
12096,CCOS 006,Algebra Lineal,OO2,L,1100-1159,GARCIA - JUAREZ PEDRO,1CCO4/304
12096,CCOS 006,Algebra Lineal,OO2,M,1100-1259,GARCIA - JUAREZ PEDRO,1CCO4/304
12096,CCOS 006,Algebra Lineal,OO2,V,1100-1259,GARCIA - JUAREZ PEDRO,1CCO4/304
12408,CCOS 006,Algebra Lineal,OO3,L,1400-1459,SANCHEZ - GALVEZ ALBA MARIBEL,1CCO4/202
12408,CCOS 006,Algebra Lineal,OO3,A,1300-1459,SANCHEZ - GALVEZ ALBA MARIBEL,1CCO4/202
12408,CCOS 006,Algebra Lineal,OO3,J,1300-1459,SANCHEZ - GALVEZ ALBA MARIBEL,1CCO4/202
12117,CCOS 003,Algebra Superior,O11,L,1700-1759,DAWE - GONZALEZ ARTURO ALEJANDRO,1CCO4/101
12117,CCOS 003,Algebra Superior,O11,M,1700-1859,DAWE - GONZALEZ ARTURO ALEJANDRO,1CCO4/101
12117,CCOS 003,Algebra Superior,O11,V,1700-1859,DAWE - GONZALEZ ARTURO ALEJANDRO,1CCO4/101
12153,CCOS 003,Algebra Superior,O13,L,1000-1059,ESPINDOLA - POZOS ARMANDO,1CCO4/102
12153,CCOS 003,Algebra Superior,O13,A,0900-1059,ESPINDOLA - POZOS ARMANDO,1CCO4/102
12153,CCOS 003,Algebra Superior,O13,J,0900-1059,ESPINDOLA - POZOS ARMANDO,1CCO4/102
27237,CCOS 003,Algebra Superior,O15,L,0900-0959,ROMERO - TEHUITZIL OLIVIA,1CCO4/202
27237,CCOS 003,Algebra Superior,O15,M,0900-1059,ROMERO - TEHUITZIL OLIVIA,1CCO4/202
27237,CCOS 003,Algebra Superior,O15,V,0900-1059,ROMERO - TEHUITZIL OLIVIA,1CCO4/202
12103,CCOS 003,Algebra Superior,O1O,L,1200-1259,MENDOZA - ROJAS ANGEL OMAR,1CCO4/402
12103,CCOS 003,Algebra Superior,O1O,A,1100-1259,MENDOZA - ROJAS ANGEL OMAR,1CCO4/402
12103,CCOS 003,Algebra Superior,O1O,J,1100-1259,MENDOZA - ROJAS ANGEL OMAR,1CCO4/305
12439,CCOS 003,Algebra Superior,OO1,L,1000-1059,ROBLES - MENDOZA FRANCISCO JAVIER,1EMA5/206
12439,CCOS 003,Algebra Superior,OO1,A,0900-1059,ROBLES - MENDOZA FRANCISCO JAVIER,1CCO1/003
12439,CCOS 003,Algebra Superior,OO1,J,0900-1059,ROBLES - MENDOZA FRANCISCO JAVIER,1EMA5/206
12125,CCOS 003,Algebra Superior,OO2,L,0800-0859,ROMERO - TEHUITZIL OLIVIA,1CCO4/102
12125,CCOS 003,Algebra Superior,OO2,A,0700-0859,ROMERO - TEHUITZIL OLIVIA,1CCO4/102
12125,CCOS 003,Algebra Superior,OO2,J,0700-0859,ROMERO - TEHUITZIL OLIVIA,1CCO4/102
13291,CCOS 003,Algebra Superior,OO3,L,1200-1259,CONTRERAS - JUAREZ ROBERTO,1CCO4/304
13291,CCOS 003,Algebra Superior,OO3,A,1100-1259,CONTRERAS - JUAREZ ROBERTO,1CCO4/304
13291,CCOS 003,Algebra Superior,OO3,J,1100-1259,CONTRERAS - JUAREZ ROBERTO,1CCO4/304
22313,CCOS 003,Algebra Superior,OO4,L,0800-0859,REYES - GARCES LUZ DEL CARMEN,1CCO4/303
22313,CCOS 003,Algebra Superior,OO4,A,0700-0859,REYES - GARCES LUZ DEL CARMEN,1CCO4/303
22313,CCOS 003,Algebra Superior,OO4,J,0700-0859,REYES - GARCES LUZ DEL CARMEN,1CCO4/303
12186,CCOS 003,Algebra Superior,OO5,L,1100-1159,ESPINDOLA - POZOS ARMANDO,1CCO4/303
12186,CCOS 003,Algebra Superior,OO5,M,1100-1259,ESPINDOLA - POZOS ARMANDO,1CCO4/204
12186,CCOS 003,Algebra Superior,OO5,V,1100-1259,ESPINDOLA - POZOS ARMANDO,1CCO4/303
12075,CCOS 003,Algebra Superior,OO6,L,0700-0759,REYES - GARCES LUZ DEL CARMEN,1CCO4/102
12075,CCOS 003,Algebra Superior,OO6,M,0700-0859,REYES - GARCES LUZ DEL CARMEN,1CCO4/102
12075,CCOS 003,Algebra Superior,OO6,V,0700-0859,REYES - GARCES LUZ DEL CARMEN,1CCO4/102
12236,CCOS 003,Algebra Superior,OO7,L,1300-1359,GONZALEZ - VELAZQUEZ ROGELIO,1CCO4/102
12236,CCOS 003,Algebra Superior,OO7,M,1300-1459,GONZALEZ - VELAZQUEZ ROGELIO,1CCO4/102
12236,CCOS 003,Algebra Superior,OO7,V,1300-1459,GONZALEZ - VELAZQUEZ ROGELIO,1CCO4/102
12757,CCOS 003,Algebra Superior,OO8,L,1400-1459,GONZALEZ - TZONTECOMANI JOSE ISMAEL,1CCO4/102
12757,CCOS 003,Algebra Superior,OO8,A,1300-1459,GONZALEZ - TZONTECOMANI JOSE ISMAEL,1CCO4/102
12757,CCOS 003,Algebra Superior,OO8,J,1300-1459,GONZALEZ - TZONTECOMANI JOSE ISMAEL,1CCO4/102
12263,CCOS 003,Algebra Superior,OO9,L,1500-1559,ROMAN - FLORES ALBERTO,1CCO4/103
12263,CCOS 003,Algebra Superior,OO9,M,1500-1659,ROMAN - FLORES ALBERTO,1CCO4/103
12263,CCOS 003,Algebra Superior,OO9,V,1500-1659,ROMAN - FLORES ALBERTO,1CCO4/103
11019,ISCO 201,Analisis y Diseno de Algoritm,OO1,L,0700-0759,SANCHEZ - LOPEZ ABRAHAM,1CCO1/002
11019,ISCO 201,Analisis y Diseno de Algoritm,OO1,M,0700-0859,SANCHEZ - LOPEZ ABRAHAM,1CCO1/002
11019,ISCO 201,Analisis y Diseno de Algoritm,OO1,V,0700-0859,SANCHEZ - LOPEZ ABRAHAM,1CCO1/002
12552,ISCO 201,Analisis y Diseno de Algoritm,OO3,L,1100-1159,LAVALLE - MARTINEZ JOSE DE JESUS,1CCO5/203
12552,ISCO 201,Analisis y Diseno de Algoritm,OO3,M,1100-1259,LAVALLE - MARTINEZ JOSE DE JESUS,1CCO5/203
12552,ISCO 201,Analisis y Diseno de Algoritm,OO3,V,1100-1259,LAVALLE - MARTINEZ JOSE DE JESUS,1CCO5/203
12675,ISCO 201,Analisis y Diseno de Algoritm,OO4,L,2000-2059,VARGAS - LOMELI MIGUEL,1CCO4/305
12675,ISCO 201,Analisis y Diseno de Algoritm,OO4,A,1900-2059,VARGAS - LOMELI MIGUEL,1CCO2/208
12675,ISCO 201,Analisis y Diseno de Algoritm,OO4,J,1900-2059,VARGAS - LOMELI MIGUEL,1CCO2/208
12959,ISCO 201,Analisis y Diseno de Algoritm,OO5,L,1400-1459,"TECUANHUEHUE
- VERA PEDRO",1CCO5/203
12959,ISCO 201,Analisis y Diseno de Algoritm,OO5,A,1300-1459,"TECUANHUEHUE
- VERA PEDRO",1CCO5/203
12959,ISCO 201,Analisis y Diseno de Algoritm,OO5,J,1300-1459,"TECUANHUEHUE
- VERA PEDRO",1CCO5/203
22371,ISCO 201,Analisis y Diseno de Algoritm,OO6,L,1000-1059,RIVERA - MARTINEZ MARCELA,1EMA5/105
90083,ISCO 201,Analisis y Diseno de Algoritm,OO6,L,1600-1659,SALAZAR - MARTINEZ HILARIO,1CCO4/101
22371,ISCO 201,Analisis y Diseno de Algoritm,OO6,A,0900-1059,RIVERA - MARTINEZ MARCELA,1EMA5/105
90083,ISCO 201,Analisis y Diseno de Algoritm,OO6,A,1500-1659,SALAZAR - MARTINEZ HILARIO,1CCO4/101
22371,ISCO 201,Analisis y Diseno de Algoritm,OO6,J,0900-1059,RIVERA - MARTINEZ MARCELA,1EMA5/105
90083,ISCO 201,Analisis y Diseno de Algoritm,OO6,J,1500-1659,SALAZAR - MARTINEZ HILARIO,1CCO4/306
11022,CCOS 609,Animacion por Computadora,OO1,L,0700-0759,CAMPOS - SERAPIO ROGELIO ALFREDO,1CCO3/101
11022,CCOS 609,Animacion por Computadora,OO1,M,0700-0859,CAMPOS - SERAPIO ROGELIO ALFREDO,1CCO3/101
11022,CCOS 609,Animacion por Computadora,OO1,V,0700-0859,CAMPOS - SERAPIO ROGELIO ALFREDO,1CCO4/202
12183,CCOS 609,Animacion por Computadora,OO2,L,1300-1359,MENDOZA - OLGUIN GUSTAVO EMILIO,1CCO4/306
12183,CCOS 609,Animacion por Computadora,OO2,M,1300-1459,MENDOZA - OLGUIN GUSTAVO EMILIO,1CCO4/306
12183,CCOS 609,Animacion por Computadora,OO2,V,1300-1459,MENDOZA - OLGUIN GUSTAVO EMILIO,1CCO4/306
12554,CCOS 609,Animacion por Computadora,OO3,L,1200-1259,TORRES - ACUITLAPA OMAR,1CCO5/201
12554,CCOS 609,Animacion por Computadora,OO3,A,1100-1259,TORRES - ACUITLAPA OMAR,1CCO5/201
12554,CCOS 609,Animacion por Computadora,OO3,J,1100-1259,TORRES - ACUITLAPA OMAR,1CCO4/308
10893,CCOS 701,Aplicaciones Multimedia,OO1,L,1000-1059,TORRES - ACUITLAPA OMAR,1CCO3/109
10893,CCOS 701,Aplicaciones Multimedia,OO1,A,0900-1059,TORRES - ACUITLAPA OMAR,1CCO4/308
10893,CCOS 701,Aplicaciones Multimedia,OO1,J,0900-1059,TORRES - ACUITLAPA OMAR,1CCO4/403
12111,CCOS 701,Aplicaciones Multimedia,OO2,L,0800-0859,ANZURES - GARCIA MARIO,1CCO2/208
12111,CCOS 701,Aplicaciones Multimedia,OO2,A,0700-0859,ANZURES - GARCIA MARIO,1CCO2/208
12111,CCOS 701,Aplicaciones Multimedia,OO2,J,0700-0859,ANZURES - GARCIA MARIO,1CCO2/208
31271,CCOS 701,Aplicaciones Multimedia,OO4,L,1200-1259,LEMUZ - LOPEZ RAFAEL,1CCO3/104
31271,CCOS 701,Aplicaciones Multimedia,OO4,A,1100-1259,LEMUZ - LOPEZ RAFAEL,1CCO4/401
31271,CCOS 701,Aplicaciones Multimedia,OO4,J,1100-1259,LEMUZ - LOPEZ RAFAEL,1CCO3/109
10907,CCOS 700,Aplicaciones Web,OO1,L,0900-0959,TORRES - ACUITLAPA OMAR,1CCO3/109
10907,CCOS 700,Aplicaciones Web,OO1,M,0900-1059,TORRES - ACUITLAPA OMAR,1CCO4/304
10907,CCOS 700,Aplicaciones Web,OO1,V,0900-1059,TORRES - ACUITLAPA OMAR,1CCO3/109
12115,CCOS 700,Aplicaciones Web,OO2,L,1400-1459,MENDEZ - SANCHEZ LUIS YAEL,1EMA5/205
12115,CCOS 700,Aplicaciones Web,OO2,A,1300-1459,MENDEZ - SANCHEZ LUIS YAEL,1CCO3/104
12115,CCOS 700,Aplicaciones Web,OO2,J,1300-1459,MENDEZ - SANCHEZ LUIS YAEL,1EMA5/206
12413,CCOS 700,Aplicaciones Web,OO3,L,1800-1859,LOPEZ - POBLANO GILBERTO,1CCO3/109
90095,CCOS 700,Aplicaciones Web,OO3,L,0700-0759,MELENDEZ - TEODORO AUGUSTO,1CCO4/306
12413,CCOS 700,Aplicaciones Web,OO3,A,1700-1859,LOPEZ - POBLANO GILBERTO,1CCO3/109
90095,CCOS 700,Aplicaciones Web,OO3,M,0700-0859,MELENDEZ - TEODORO AUGUSTO,1CCO4/306
12413,CCOS 700,Aplicaciones Web,OO3,J,1700-1859,LOPEZ - POBLANO GILBERTO,1CCO3/109
90095,CCOS 700,Aplicaciones Web,OO3,V,0700-0859,MELENDEZ - TEODORO AUGUSTO,1CCO4/306
10561,CCOS 259,"Arqu.
Funcional de Computadora",OO1,L,1700-1759,CORTEZ - . ERNEST,1CCO4/204
10561,CCOS 259,"Arqu.
Funcional de Computadora",OO1,M,1700-1859,CORTEZ - . ERNEST,1CCO4/204
10561,CCOS 259,"Arqu.
Funcional de Computadora",OO1,V,1700-1859,CORTEZ - . ERNEST,1CCO3/208
10614,CCOS 262,Bases de Datos,OO1,L,0700-0759,VILARINO - AYALA DARNES,1CCO2/207
10614,CCOS 262,Bases de Datos,OO1,M,0700-0859,VILARINO - AYALA DARNES,1CCO2/207
10614,CCOS 262,Bases de Datos,OO1,V,0700-0859,VILARINO - AYALA DARNES,1CCO2/207
12405,CCOS 262,Bases de Datos,OO3,L,1200-1259,MOYAO - MARTINEZ YOLANDA,1CCO2/207
12405,CCOS 262,Bases de Datos,OO3,A,1100-1259,MOYAO - MARTINEZ YOLANDA,1CCO4/305
12405,CCOS 262,Bases de Datos,OO3,J,1100-1259,MOYAO - MARTINEZ YOLANDA,1CCO2/207
12868,CCOS 262,Bases de Datos,OO5,L,1400-1459,MARTINEZ - MIRON ERIKA ANNABEL,1CCO2/207
12868,CCOS 262,Bases de Datos,OO5,A,1300-1459,MARTINEZ - MIRON ERIKA ANNABEL,1CCO2/207
12868,CCOS 262,Bases de Datos,OO5,J,1300-1459,MARTINEZ - MIRON ERIKA ANNABEL,1CCO2/207
12108,CCOS 602,Bases de Datos Avanzadas,OO2,L,1500-1559,Reynold Osuna González,1CCO2/207
12108,CCOS 602,Bases de Datos Avanzadas,OO2,M,1500-1659,Reynold Osuna González,1CCO2/207
12108,CCOS 602,Bases de Datos Avanzadas,OO2,V,1500-1659,Reynold Osuna González,1CCO2/207
14074,CCOS 007,Calculo Diferencial,O11,L,1400-1459,OIDOR - GARCIA JOSE,1CCO4/201
14074,CCOS 007,Calculo Diferencial,O11,A,1300-1459,OIDOR - GARCIA JOSE,1CCO4/201
14074,CCOS 007,Calculo Diferencial,O11,J,1300-1459,OIDOR - GARCIA JOSE,1CCO4/201
14140,CCOS 007,Calculo Diferencial,O13,L,1600-1659,MENDOZA - ROJAS ANGEL OMAR,1CCO5/202
14140,CCOS 007,Calculo Diferencial,O13,A,1500-1659,MENDOZA - ROJAS ANGEL OMAR,1CCO5/202
14140,CCOS 007,Calculo Diferencial,O13,J,1500-1659,MENDOZA - ROJAS ANGEL OMAR,1CCO4/301
14166,CCOS 007,Calculo Diferencial,O14,L,1800-1859,ARIZA - VELAZQUEZ EDUARDO,1CCO4/201
14166,CCOS 007,Calculo Diferencial,O14,A,1700-1859,ARIZA - VELAZQUEZ EDUARDO,1CCO4/201
14166,CCOS 007,Calculo Diferencial,O14,J,1700-1859,ARIZA - VELAZQUEZ EDUARDO,1CCO4/201
14188,CCOS 007,Calculo Diferencial,O16,L,0900-0959,REYES - GARCES LUZ DEL CARMEN,1CCO4/104
14188,CCOS 007,Calculo Diferencial,O16,M,0900-1059,REYES - GARCES LUZ DEL CARMEN,1CCO4/104
14188,CCOS 007,Calculo Diferencial,O16,V,0900-1059,REYES - GARCES LUZ DEL CARMEN,1CCO4/104
14201,CCOS 007,Calculo Diferencial,O17,L,1300-1359,HERNANDEZ - HERNANDEZ MARIA DEL ROSARIO,1CCO4/101
14201,CCOS 007,Calculo Diferencial,O17,M,1300-1459,HERNANDEZ - HERNANDEZ MARIA DEL ROSARIO,1CCO4/101
14201,CCOS 007,Calculo Diferencial,O17,V,1300-1459,HERNANDEZ - HERNANDEZ MARIA DEL ROSARIO,1CCO4/101
14210,CCOS 007,Calculo Diferencial,O18,L,0800-0859,ESPINDOLA - POZOS ARMANDO,1CCO4/202
14210,CCOS 007,Calculo Diferencial,O18,A,0700-0859,ESPINDOLA - POZOS ARMANDO,1CCO4/202
14210,CCOS 007,Calculo Diferencial,O18,J,0700-0859,ESPINDOLA - POZOS ARMANDO,1CCO4/202
25368,CCOS 007,Calculo Diferencial,O19,L,0700-0759,MARTINEZ - GUZMAN GERARDO,1CCO4/402
25368,CCOS 007,Calculo Diferencial,O19,M,0700-0859,MARTINEZ - GUZMAN GERARDO,1CCO4/402
25368,CCOS 007,Calculo Diferencial,O19,V,0700-0859,MARTINEZ - GUZMAN GERARDO,1CCO4/402
14051,CCOS 007,Calculo Diferencial,O1O,L,1100-1159,ZAMORA - LIMA CARLOS,1CCO1/004
14051,CCOS 007,Calculo Diferencial,O1O,M,1100-1259,ZAMORA - LIMA CARLOS,1CCO1/004
14051,CCOS 007,Calculo Diferencial,O1O,V,1100-1259,ZAMORA - LIMA CARLOS,1CCO1/004
90084,CCOS 007,Calculo Diferencial,O20,L,1200-1259,GONZALEZ - VELAZQUEZ ROGELIO,1CCO4/401
90084,CCOS 007,Calculo Diferencial,O20,A,1100-1259,GONZALEZ - VELAZQUEZ ROGELIO,1CCO5/203
90084,CCOS 007,Calculo Diferencial,O20,J,1100-1259,GONZALEZ - VELAZQUEZ ROGELIO,1CCO4/306
12902,CCOS 007,Calculo Diferencial,OO5,L,1000-1059,MARTINEZ - GUZMAN GERARDO,1CCO4/103
12902,CCOS 007,Calculo Diferencial,OO5,A,0900-1059,MARTINEZ - GUZMAN GERARDO,1CCO4/103
12902,CCOS 007,Calculo Diferencial,OO5,J,0900-1059,MARTINEZ - GUZMAN GERARDO,1CCO4/103
13784,CCOS 007,Calculo Diferencial,OO8,L,1200-1259,CARBALLIDO - CARRANZA JOSE LUIS,1CCO4/201
13784,CCOS 007,Calculo Diferencial,OO8,A,1100-1259,CARBALLIDO - CARRANZA JOSE LUIS,1CCO4/201
13784,CCOS 007,Calculo Diferencial,OO8,J,1100-1259,CARBALLIDO - CARRANZA JOSE LUIS,1CCO4/201
27245,CCOS 008,Calculo Integral,O1O,L,1000-1059,REYES - GARCES LUZ DEL CARMEN,1CCO4/104
27245,CCOS 008,Calculo Integral,O1O,A,0900-1059,REYES - GARCES LUZ DEL CARMEN,1CCO4/104
27245,CCOS 008,Calculo Integral,O1O,J,0900-1059,REYES - GARCES LUZ DEL CARMEN,1CCO4/104
10973,CCOS 008,Calculo Integral,OO1,L,0900-0959,CARBALLIDO - CARRANZA JOSE LUIS,1CCO1/004
10973,CCOS 008,Calculo Integral,OO1,M,0900-1059,CARBALLIDO - CARRANZA JOSE LUIS,1CCO1/004
10973,CCOS 008,Calculo Integral,OO1,V,0900-1059,CARBALLIDO - CARRANZA JOSE LUIS,1CCO1/004
12152,CCOS 008,Calculo Integral,OO2,L,1200-1259,PALOMINO - JIMENEZ CARLOS,1CCO1/001
12152,CCOS 008,Calculo Integral,OO2,A,1100-1259,PALOMINO - JIMENEZ CARLOS,1CCO4/104
12152,CCOS 008,Calculo Integral,OO2,J,1100-1259,PALOMINO - JIMENEZ CARLOS,1CCO1/002
12649,CCOS 008,Calculo Integral,OO4,L,1600-1659,RODRIGUEZ - PEREZ FERNANDO,1CCO1/005
12649,CCOS 008,Calculo Integral,OO4,A,1500-1659,RODRIGUEZ - PEREZ FERNANDO,1CCO1/005
12649,CCOS 008,Calculo Integral,OO4,J,1500-1659,RODRIGUEZ - PEREZ FERNANDO,1CCO1/005
12928,CCOS 008,Calculo Integral,OO5,L,1700-1759,ARIZA - VELAZQUEZ EDUARDO,1CCO4/104
12928,CCOS 008,Calculo Integral,OO5,M,1700-1859,ARIZA - VELAZQUEZ EDUARDO,1CCO4/104
12928,CCOS 008,Calculo Integral,OO5,V,1700-1859,ARIZA - VELAZQUEZ EDUARDO,1CCO4/104
13284,CCOS 008,Calculo Integral,OO6,L,0700-0759,ESPINDOLA - POZOS ARMANDO,1CCO4/204
13284,CCOS 008,Calculo Integral,OO6,M,0700-0859,ESPINDOLA - POZOS ARMANDO,1CCO4/204
13284,CCOS 008,Calculo Integral,OO6,V,0700-0859,ESPINDOLA - POZOS ARMANDO,1CCO4/204
13737,CCOS 008,Calculo Integral,OO7,L,1900-1959,RODRIGUEZ - PEREZ FERNANDO,1CCO4/104
13737,CCOS 008,Calculo Integral,OO7,M,1900-2059,RODRIGUEZ - PEREZ FERNANDO,1CCO4/104
13737,CCOS 008,Calculo Integral,OO7,V,1900-2059,RODRIGUEZ - PEREZ FERNANDO,1CCO4/104
10867,CCOS 011,Circuitos Electricos,OO1,L,1000-1059,TRINIDAD - GARCIA GREGORIO,1CCO3/310
10867,CCOS 011,Circuitos Electricos,OO1,A,0900-1059,TRINIDAD - GARCIA GREGORIO,1CCO3/310
10867,CCOS 011,Circuitos Electricos,OO1,J,0900-1059,TRINIDAD - GARCIA GREGORIO,1CCO4/203
12098,CCOS 011,Circuitos Electricos,OO2,L,1100-1159,SANCHEZ - GALVEZ MARIA EUGENIA,1CCO4/305
12098,CCOS 011,Circuitos Electricos,OO2,M,1100-1259,SANCHEZ - GALVEZ MARIA EUGENIA,1CCO3/309
12098,CCOS 011,Circuitos Electricos,OO2,V,1100-1259,SANCHEZ - GALVEZ MARIA EUGENIA,1CCO4/305
10359,CCOS 250,Circuitos Logicos,OO1,L,0700-0759,TRINIDAD - GARCIA GREGORIO,1CCO3/309
10359,CCOS 250,Circuitos Logicos,OO1,M,0700-0859,TRINIDAD - GARCIA GREGORIO,1CCO3/309
10359,CCOS 250,Circuitos Logicos,OO1,V,0700-0859,TRINIDAD - GARCIA GREGORIO,1CCO3/208
22881,CCOS 250,Circuitos Logicos,OO2,L,1800-1859,CORTEZ - . ERNEST,1CCO3/208
22881,CCOS 250,Circuitos Logicos,OO2,A,1700-1859,CORTEZ - . ERNEST,1CCO3/208
22881,CCOS 250,Circuitos Logicos,OO2,J,1700-1859,CORTEZ - . ERNEST,1CCO3/208
14393,CCOS 616,Compiladores,OO1,S,0800-1259,BELLO - LOPEZ PEDRO,1CCO4/202
27254,CCOS 257,Computabilidad,OO1,L,1200-1259,BAUTISTA - RAMOS CESAR,1EMA5/206
27254,CCOS 257,Computabilidad,OO1,A,1100-1259,BAUTISTA - RAMOS CESAR,1EMA5/205
27254,CCOS 257,Computabilidad,OO1,J,1100-1259,BAUTISTA - RAMOS CESAR,1EMA5/205
14486,CCOS 257,Computabilidad,OO2,L,1500-1559,VARGAS - LOMELI MIGUEL,1CCO4/301
14486,CCOS 257,Computabilidad,OO2,M,1500-1659,VARGAS - LOMELI MIGUEL,1CCO4/301
14486,CCOS 257,Computabilidad,OO2,V,1500-1659,VARGAS - LOMELI MIGUEL,1CCO4/301
25371,CCOS 257,Computabilidad,OO3,L,1200-1259,CAMPOS - SERAPIO ROGELIO ALFREDO,1CCO4/101
25371,CCOS 257,Computabilidad,OO3,A,1100-1259,CAMPOS - SERAPIO ROGELIO ALFREDO,1EMA5/206
25371,CCOS 257,Computabilidad,OO3,J,1100-1259,CAMPOS - SERAPIO ROGELIO ALFREDO,1EMA5/206
14400,CCOS 604,Criptografia,OO1,L,1100-1159,ZACARIAS - FLORES FERNANDO,1CCO4/102
14400,CCOS 604,Criptografia,OO1,M,1100-1259,ZACARIAS - FLORES FERNANDO,1CCO4/307
14400,CCOS 604,Criptografia,OO1,V,1100-1259,ZACARIAS - FLORES FERNANDO,1CCO3/109
10008,FGUS 002,DHPC,101,A,1700-1859,VAZQUEZ - RAMIREZ JESUS,1CCO1/001
10008,FGUS 002,DHPC,101,J,1700-1859,VAZQUEZ - RAMIREZ JESUS,1CCO1/001
12323,FGUS 002,DHPC,102,A,1100-1259,VAZQUEZ - RAMIREZ JESUS,1CCO1V/
12323,FGUS 002,DHPC,102,J,1100-1259,VAZQUEZ - RAMIREZ JESUS,1CCO1V/
12327,FGUS 002,DHPC,103,A,1500-1659,VAZQUEZ - RAMIREZ JESUS,1CCO4/202
12327,FGUS 002,DHPC,103,J,1500-1659,VAZQUEZ - RAMIREZ JESUS,1CCO4/202
27267,FGUS 002,DHPC,104,A,0900-1059,DE LA ROSA - FLORES RAFAEL,1CCO1V/
27267,FGUS 002,DHPC,104,J,0900-1059,DE LA ROSA - FLORES RAFAEL,1CCO1V/
31570,FGUS 002,DHPC,105,M,1700-1859,RODRIGUEZ - PEREZ FERNANDO,1CCO4/304
31570,FGUS 002,DHPC,105,V,1700-1859,RODRIGUEZ - PEREZ FERNANDO,1CCO4/304
12331,FGUS 002,DHPC,106,A,0700-0859,Carlos Leopoldo Carreón Díaz de León,1CCO4/204
12331,FGUS 002,DHPC,106,J,0700-0859,Carlos Leopoldo Carreón Díaz de León,1CCO4/204
14070,CCOS 005,Ensamblador,O1O,L,1200-1259,AMBROSIO - VAZQUEZ ALMA DELIA,1CCO4/404
14070,CCOS 005,Ensamblador,O1O,A,1100-1259,AMBROSIO - VAZQUEZ ALMA DELIA,1CCO4/404
14070,CCOS 005,Ensamblador,O1O,J,1100-1259,AMBROSIO - VAZQUEZ ALMA DELIA,1CCO4/404
10932,CCOS 005,Ensamblador,OO1,L,0800-0859,Daniel Marcelo González Arriaga,1CCO5/201
10932,CCOS 005,Ensamblador,OO1,A,0700-0859,Daniel Marcelo González Arriaga,1CCO5/201
10932,CCOS 005,Ensamblador,OO1,J,0700-0859,Daniel Marcelo González Arriaga,1CCO4/404
12123,CCOS 005,Ensamblador,OO2,L,1000-1059,VERA - CERVANTES EUGENIA ERICA,1CCO5/202
12123,CCOS 005,Ensamblador,OO2,A,0900-1059,VERA - CERVANTES EUGENIA ERICA,1CCO3/109
12123,CCOS 005,Ensamblador,OO2,J,0900-1059,VERA - CERVANTES EUGENIA ERICA,1CCO5/202
12417,CCOS 005,Ensamblador,OO3,L,1100-1159,Carlos Leopoldo Carreón Díaz de León,1CCO4/104
12417,CCOS 005,Ensamblador,OO3,M,1100-1259,Carlos Leopoldo Carreón Díaz de León,1CCO3/104
12417,CCOS 005,Ensamblador,OO3,V,1100-1259,Carlos Leopoldo Carreón Díaz de León,1CCO3/104
12640,CCOS 005,Ensamblador,OO4,L,1300-1359,AMBROSIO - VAZQUEZ ALMA DELIA,1CCO5/201
12640,CCOS 005,Ensamblador,OO4,M,1300-1459,AMBROSIO - VAZQUEZ ALMA DELIA,1CCO3/109
12640,CCOS 005,Ensamblador,OO4,V,1300-1459,AMBROSIO - VAZQUEZ ALMA DELIA,1CCO5/201
12887,CCOS 005,Ensamblador,OO5,L,1500-1559,CUAYAHUITL - ROMERO LAURA,1CCO4/202
12887,CCOS 005,Ensamblador,OO5,M,1500-1659,CUAYAHUITL - ROMERO LAURA,1CCO4/202
12887,CCOS 005,Ensamblador,OO5,V,1500-1659,CUAYAHUITL - ROMERO LAURA,1CCO3/104
13214,CCOS 005,Ensamblador,OO6,L,1800-1859,CUAYAHUITL - ROMERO LAURA,1CCO3/104
13214,CCOS 005,Ensamblador,OO6,A,1700-1859,CUAYAHUITL - ROMERO LAURA,1CCO4/202
13214,CCOS 005,Ensamblador,OO6,J,1700-1859,CUAYAHUITL - ROMERO LAURA,1CCO3/104
13698,CCOS 005,Ensamblador,OO7,L,0800-0859,SANTIAGO - DIAZ MARIA DEL CARMEN,1CCO4/305
13698,CCOS 005,Ensamblador,OO7,A,0700-0859,SANTIAGO - DIAZ MARIA DEL CARMEN,1CCO4/305
13698,CCOS 005,Ensamblador,OO7,J,0700-0859,SANTIAGO - DIAZ MARIA DEL CARMEN,1CCO3/104
13799,CCOS 005,Ensamblador,OO8,L,0700-0759,SANTIAGO - DIAZ MARIA DEL CARMEN,1CCO4/307
13799,CCOS 005,Ensamblador,OO8,M,0700-0859,SANTIAGO - DIAZ MARIA DEL CARMEN,1CCO4/303
13799,CCOS 005,Ensamblador,OO8,V,0700-0859,SANTIAGO - DIAZ MARIA DEL CARMEN,1CCO4/307
13986,CCOS 005,Ensamblador,OO9,L,1100-1159,GONZALEZ - FLORES MARCOS,1CCO4/404
13986,CCOS 005,Ensamblador,OO9,M,1100-1259,GONZALEZ - FLORES MARCOS,1CCO4/404
13986,CCOS 005,Ensamblador,OO9,V,1100-1259,GONZALEZ - FLORES MARCOS,1CCO4/404
12087,CCOS 614,Estadistica Avanzada,OO2,L,1300-1359,BERNABE - LORANCA MARIA BEATRIZ,1CCO4/203
12087,CCOS 614,Estadistica Avanzada,OO2,M,1300-1459,BERNABE - LORANCA MARIA BEATRIZ,1CCO4/203
12087,CCOS 614,Estadistica Avanzada,OO2,V,1300-1459,BERNABE - LORANCA MARIA BEATRIZ,1CCO4/203
10948,CCOS 013,Estructuras de Datos,OO1,L,1000-1059,GARCES - BAEZ JOSE ALFONSO DEL,1CCO4/305
10948,CCOS 013,Estructuras de Datos,OO1,A,0900-1059,GARCES - BAEZ JOSE ALFONSO DEL,1CCO4/403
10948,CCOS 013,Estructuras de Datos,OO1,J,0900-1059,GARCES - BAEZ JOSE ALFONSO DEL,1CCO4/305
12127,CCOS 013,Estructuras de Datos,OO2,L,0900-0959,MELENDEZ - TEODORO AUGUSTO,1CCO5/201
12127,CCOS 013,Estructuras de Datos,OO2,M,0900-1059,MELENDEZ - TEODORO AUGUSTO,1CCO3/114
12127,CCOS 013,Estructuras de Datos,OO2,V,0900-1059,MELENDEZ - TEODORO AUGUSTO,1CCO5/201
12421,CCOS 013,Estructuras de Datos,OO3,L,1400-1459,VALDES - AMARO DANIEL ALEJANDRO,1CCO3/114
12421,CCOS 013,Estructuras de Datos,OO3,A,1300-1459,VALDES - AMARO DANIEL ALEJANDRO,1CCO5/201
12421,CCOS 013,Estructuras de Datos,OO3,J,1300-1459,VALDES - AMARO DANIEL ALEJANDRO,1CCO5/201
12644,CCOS 013,Estructuras de Datos,OO4,L,1400-1459,VAZQUEZ - FLORES JOSE ANDRES,1CCO4/403
12644,CCOS 013,Estructuras de Datos,OO4,A,1300-1459,VAZQUEZ - FLORES JOSE ANDRES,1CCO4/301
12644,CCOS 013,Estructuras de Datos,OO4,J,1300-1459,VAZQUEZ - FLORES JOSE ANDRES,1CCO4/403
12894,CCOS 013,Estructuras de Datos,OO5,L,1700-1759,SALAZAR - MARTINEZ HILARIO,1CCO4/202
12894,CCOS 013,Estructuras de Datos,OO5,M,1700-1859,SALAZAR - MARTINEZ HILARIO,1CCO4/308
12894,CCOS 013,Estructuras de Datos,OO5,V,1700-1859,SALAZAR - MARTINEZ HILARIO,1CCO4/308
13305,CCOS 013,Estructuras de Datos,OO6,L,0900-0959,BELTRAN - MARTINEZ BEATRIZ,1CCO5/202
13305,CCOS 013,Estructuras de Datos,OO6,M,0900-1059,BELTRAN - MARTINEZ BEATRIZ,1CCO5/202
13305,CCOS 013,Estructuras de Datos,OO6,V,0900-1059,BELTRAN - MARTINEZ BEATRIZ,1CCO3/114
13710,CCOS 013,Estructuras de Datos,OO7,L,0900-0959,VAZQUEZ - FLORES JOSE ANDRES,1CCO5/203
13710,CCOS 013,Estructuras de Datos,OO7,M,0900-1059,VAZQUEZ - FLORES JOSE ANDRES,1CCO4/307
13710,CCOS 013,Estructuras de Datos,OO7,V,0900-1059,VAZQUEZ - FLORES JOSE ANDRES,1CCO5/203
13816,CCOS 013,Estructuras de Datos,OO8,L,1400-1459,LARIOS - GOMEZ MARIANO,1CCO4/101
13816,CCOS 013,Estructuras de Datos,OO8,A,1300-1459,LARIOS - GOMEZ MARIANO,1CCO4/306
13816,CCOS 013,Estructuras de Datos,OO8,J,1300-1459,LARIOS - GOMEZ MARIANO,1CCO4/306
14000,CCOS 013,Estructuras de Datos,OO9,L,1100-1159,ROMAN - FLORES ALBERTO,1CCO4/403
14000,CCOS 013,Estructuras de Datos,OO9,M,1100-1259,ROMAN - FLORES ALBERTO,1CCO4/403
14000,CCOS 013,Estructuras de Datos,OO9,V,1100-1259,ROMAN - FLORES ALBERTO,1CCO5/202
10643,CCOS 009,Estructuras Discretas,OO1,L,1100-1159,BAUTISTA - RAMOS CESAR,1CCO4/201
10643,CCOS 009,Estructuras Discretas,OO1,M,1100-1259,BAUTISTA - RAMOS CESAR,1CCO4/201
10643,CCOS 009,Estructuras Discretas,OO1,V,1100-1259,BAUTISTA - RAMOS CESAR,1CCO4/201
12094,CCOS 009,Estructuras Discretas,OO2,L,1300-1359,SANCHEZ - GALVEZ ALBA MARIBEL,1EMA5/205
12094,CCOS 009,Estructuras Discretas,OO2,M,1300-1459,SANCHEZ - GALVEZ ALBA MARIBEL,1EMA5/205
12094,CCOS 009,Estructuras Discretas,OO2,V,1300-1459,SANCHEZ - GALVEZ ALBA MARIBEL,1EMA5/205
23206,CCOS 009,Estructuras Discretas,OO3,L,1200-1259,LAVALLE - MARTINEZ JOSE DE JESUS,1CCO4/305
23206,CCOS 009,Estructuras Discretas,OO3,A,1100-1259,LAVALLE - MARTINEZ JOSE DE JESUS,1CCO3/104
23206,CCOS 009,Estructuras Discretas,OO3,J,1100-1259,LAVALLE - MARTINEZ JOSE DE JESUS,1CCO3/104
10007,FGUS 001,Formacion Humana y Social,101,A,0700-0859,DAWE - GONZALEZ ARTURO ALEJANDRO,1CCO1/001
10007,FGUS 001,Formacion Humana y Social,101,J,0700-0859,DAWE - GONZALEZ ARTURO ALEJANDRO,1CCO1/001
12091,FGUS 001,Formacion Humana y Social,102,M,0900-1059,VAZQUEZ - RAMIREZ JESUS,1CCO1/001
12091,FGUS 001,Formacion Humana y Social,102,V,0900-1059,VAZQUEZ - RAMIREZ JESUS,1CCO1/001
12145,FGUS 001,Formacion Humana y Social,103,A,0900-1059,VAZQUEZ - RAMIREZ JESUS,1CCO1/001
12145,FGUS 001,Formacion Humana y Social,103,J,0900-1059,VAZQUEZ - RAMIREZ JESUS,1CCO1/001
12827,FGUS 001,Formacion Humana y Social,104,A,0900-1059,SANCHEZ - ROMAN GUILLERMINA,1CCO4/204
12827,FGUS 001,Formacion Humana y Social,104,J,0900-1059,SANCHEZ - ROMAN GUILLERMINA,1CCO4/204
12158,FGUS 001,Formacion Humana y Social,105,M,1100-1259,MENDOZA - ROJAS ANGEL OMAR,1CCO4/102
12158,FGUS 001,Formacion Humana y Social,105,V,1100-1259,MENDOZA - ROJAS ANGEL OMAR,1CCO4/102
12107,FGUS 001,Formacion Humana y Social,106,M,1300-1459,ROSALES - LOPEZ KARINA,1CCO1/004
12107,FGUS 001,Formacion Humana y Social,106,V,1300-1459,ROSALES - LOPEZ KARINA,1CCO1/004
12304,FGUS 001,Formacion Humana y Social,107,A,1300-1459,SILVA - SANCHEZ PATRICIA,1CCO1/004
12304,FGUS 001,Formacion Humana y Social,107,J,1300-1459,SILVA - SANCHEZ PATRICIA,1CCO1/004
12121,FGUS 001,Formacion Humana y Social,109,A,1300-1459,ROSALES - LOPEZ KARINA,1CCO1/001
12121,FGUS 001,Formacion Humana y Social,109,J,1300-1459,ROSALES - LOPEZ KARINA,1CCO1/001
12270,FGUS 001,Formacion Humana y Social,110,A,1700-1859,DAWE - GONZALEZ ARTURO ALEJANDRO,1CCO4/102
12270,FGUS 001,Formacion Humana y Social,110,J,1700-1859,DAWE - GONZALEZ ARTURO ALEJANDRO,1CCO4/102
12308,FGUS 001,Formacion Humana y Social,111,A,1700-1859,MENDOZA - ROJAS ANGEL OMAR,1CCO4/103
12308,FGUS 001,Formacion Humana y Social,111,J,1700-1859,MENDOZA - ROJAS ANGEL OMAR,1CCO4/103
12220,FGUS 001,Formacion Humana y Social,112,M,1300-1459,VALDES - AMARO DANIEL ALEJANDRO,1CCO1/005
12220,FGUS 001,Formacion Humana y Social,112,V,1300-1459,VALDES - AMARO DANIEL ALEJANDRO,1CCO1/005
12310,FGUS 001,Formacion Humana y Social,113,M,1700-1859,PARRA - VICTORINO JOSE BERNARDO,1CCO4/102
12310,FGUS 001,Formacion Humana y Social,113,V,1700-1859,PARRA - VICTORINO JOSE BERNARDO,1CCO4/102
12244,FGUS 001,Formacion Humana y Social,114,M,1100-1259,SILVA - SANCHEZ PATRICIA,1CCO1/005
12244,FGUS 001,Formacion Humana y Social,114,V,1100-1259,SILVA - SANCHEZ PATRICIA,1CCO1/005
12313,FGUS 001,Formacion Humana y Social,116,A,1100-1259,SILVA - SANCHEZ PATRICIA,1CCO1V/
12313,FGUS 001,Formacion Humana y Social,116,J,1100-1259,SILVA - SANCHEZ PATRICIA,1CCO1V/
14424,CCOS 255,Fund. de Lenguaje de Programac,OO1,L,0800-0859,RUIZ - ALONSO DORIAN,1CCO3/114
14424,CCOS 255,Fund. de Lenguaje de Programac,OO1,A,0700-0859,RUIZ - ALONSO DORIAN,1CCO3/114
14424,CCOS 255,Fund. de Lenguaje de Programac,OO1,J,0700-0859,RUIZ - ALONSO DORIAN,1CCO3/114
27259,CCOS 261,Graficacion,O12,L,0700-0759,MARCIAL - CASTILLO LUIS RENE,1CCO4/308
27259,CCOS 261,Graficacion,O12,M,0700-0859,MARCIAL - CASTILLO LUIS RENE,1CCO4/308
27259,CCOS 261,Graficacion,O12,V,0700-0859,MARCIAL - CASTILLO LUIS RENE,1CCO4/308
31168,CCOS 261,Graficacion,O13,L,1200-1259,XALTENO - ALTAMIRANO JORGE,1CCO4/306
31168,CCOS 261,Graficacion,O13,A,1100-1259,XALTENO - ALTAMIRANO JORGE,1CCO4/306
31168,CCOS 261,Graficacion,O13,J,1100-1259,XALTENO - ALTAMIRANO JORGE,1CCO1V/
14065,CCOS 261,Graficacion,O1O,L,1100-1159,Daniel Marcelo González Arriaga,1CCO4/306
14065,CCOS 261,Graficacion,O1O,M,1100-1259,Daniel Marcelo González Arriaga,1CCO4/306
14065,CCOS 261,Graficacion,O1O,V,1100-1259,Daniel Marcelo González Arriaga,1CCO4/306
10919,CCOS 261,Graficacion,OO1,L,0800-0859,RIVERA - MARTINEZ MARCELA,1CCO4/402
10919,CCOS 261,Graficacion,OO1,A,0700-0859,RIVERA - MARTINEZ MARCELA,1CCO3/109
10919,CCOS 261,Graficacion,OO1,J,0700-0859,RIVERA - MARTINEZ MARCELA,1CCO4/402
12120,CCOS 261,Graficacion,OO2,L,0900-0959,MARCIAL - CASTILLO LUIS RENE,1CCO3/104
12120,CCOS 261,Graficacion,OO2,M,0900-1059,MARCIAL - CASTILLO LUIS RENE,1CCO3/109
12120,CCOS 261,Graficacion,OO2,V,0900-1059,MARCIAL - CASTILLO LUIS RENE,1CCO3/104
12415,CCOS 261,Graficacion,OO3,L,1100-1159,OLMOS - PINEDA IVAN,1CCO4/402
12415,CCOS 261,Graficacion,OO3,M,1100-1259,OLMOS - PINEDA IVAN,1CCO3/101
12415,CCOS 261,Graficacion,OO3,V,1100-1259,OLMOS - PINEDA IVAN,1CCO4/402
12637,CCOS 261,Graficacion,OO4,L,1400-1459,AYAQUICA - MARTINEZ IRENE OLAYA,1CCO1/005
12637,CCOS 261,Graficacion,OO4,A,1300-1459,AYAQUICA - MARTINEZ IRENE OLAYA,1CCO1/005
12637,CCOS 261,Graficacion,OO4,J,1300-1459,AYAQUICA - MARTINEZ IRENE OLAYA,1CCO3/109
12881,CCOS 261,Graficacion,OO5,L,1600-1659,ALTAMIRANO - ROBLES LUIS CARLOS,1CCO1/001
12881,CCOS 261,Graficacion,OO5,A,1500-1659,ALTAMIRANO - ROBLES LUIS CARLOS,1CCO1/001
12881,CCOS 261,Graficacion,OO5,J,1500-1659,ALTAMIRANO - ROBLES LUIS CARLOS,1CCO3/109
13203,CCOS 261,Graficacion,OO6,L,1800-1859,SALAZAR - MARTINEZ HILARIO,1CCO3/114
13203,CCOS 261,Graficacion,OO6,A,1700-1859,SALAZAR - MARTINEZ HILARIO,1CCO3/114
13203,CCOS 261,Graficacion,OO6,J,1700-1859,SALAZAR - MARTINEZ HILARIO,1CCO3/114
13667,CCOS 261,Graficacion,OO7,L,2000-2059,ALTAMIRANO - ROBLES LUIS CARLOS,1CCO3/114
13667,CCOS 261,Graficacion,OO7,A,1900-2059,ALTAMIRANO - ROBLES LUIS CARLOS,1CCO3/114
13667,CCOS 261,Graficacion,OO7,J,1900-2059,ALTAMIRANO - ROBLES LUIS CARLOS,1CCO3/114
13806,CCOS 261,Graficacion,OO8,L,0800-0859,CAMPOS - SERAPIO ROGELIO ALFREDO,1CCO3/104
13806,CCOS 261,Graficacion,OO8,A,0700-0859,CAMPOS - SERAPIO ROGELIO ALFREDO,1CCO3/104
13806,CCOS 261,Graficacion,OO8,J,0700-0859,CAMPOS - SERAPIO ROGELIO ALFREDO,1CCO5/203
10965,ISCO 200,Ingenieria de Software,OO1,L,0900-0959,DE LA ROSA - FLORES RAFAEL,1CCO4/305
10965,ISCO 200,Ingenieria de Software,OO1,M,0900-1059,DE LA ROSA - FLORES RAFAEL,1CCO4/305
10965,ISCO 200,Ingenieria de Software,OO1,V,0900-1059,DE LA ROSA - FLORES RAFAEL,1CCO4/305
12148,ISCO 200,Ingenieria de Software,OO2,L,1400-1459,ARCHUNDIA - SIERRA ETELVINA,1EMA5/207
12148,ISCO 200,Ingenieria de Software,OO2,A,1300-1459,ARCHUNDIA - SIERRA ETELVINA,1EMA5/207
12148,ISCO 200,Ingenieria de Software,OO2,J,1300-1459,ARCHUNDIA - SIERRA ETELVINA,1EMA5/207
12424,ISCO 200,Ingenieria de Software,OO3,L,1200-1259,DE LA ROSA - FLORES RAFAEL,1EMA5/105
12424,ISCO 200,Ingenieria de Software,OO3,A,1100-1259,DE LA ROSA - FLORES RAFAEL,1EMA5/105
12424,ISCO 200,Ingenieria de Software,OO3,J,1100-1259,DE LA ROSA - FLORES RAFAEL,1EMA5/105
12647,ISCO 200,Ingenieria de Software,OO4,L,1500-1559,ROSALES - LOPEZ KARINA,1CCO4/201
12647,ISCO 200,Ingenieria de Software,OO4,M,1500-1659,ROSALES - LOPEZ KARINA,1CCO4/201
12647,ISCO 200,Ingenieria de Software,OO4,V,1500-1659,ROSALES - LOPEZ KARINA,1CCO4/201
13314,ISCO 200,Ingenieria de Software,OO6,L,0700-0759,Carlos Leopoldo Carreón Díaz de León,1EMA5/205
13314,ISCO 200,Ingenieria de Software,OO6,M,0700-0859,Carlos Leopoldo Carreón Díaz de León,1EMA5/205
13314,ISCO 200,Ingenieria de Software,OO6,V,0700-0859,Carlos Leopoldo Carreón Díaz de León,1EMA5/205
27262,ISCO 200,Ingenieria de Software,OO7,L,1300-1359,CARRILLO - RUIZ MAYA,1EMA5/104
27262,ISCO 200,Ingenieria de Software,OO7,M,1300-1459,CARRILLO - RUIZ MAYA,1EMA5/104
27262,ISCO 200,Ingenieria de Software,OO7,V,1300-1459,CARRILLO - RUIZ MAYA,1EMA5/104
90086,ISCO 200,Ingenieria de Software,OO8,L,1100-1159,SANCHEZ - ROMAN GUILLERMINA,1CCOV/
90086,ISCO 200,Ingenieria de Software,OO8,M,1100-1259,SANCHEZ - ROMAN GUILLERMINA,1CCOV/
90086,ISCO 200,Ingenieria de Software,OO8,V,1100-1259,SANCHEZ - ROMAN GUILLERMINA,1CCOV/
14504,CCOS 601,Ingenieria de Software Avanzad,OO1,L,0700-0759,ANZURES - GARCIA MARIO,1CCO1/003
14504,CCOS 601,Ingenieria de Software Avanzad,OO1,M,0700-0859,ANZURES - GARCIA MARIO,1CCO1/003
14504,CCOS 601,Ingenieria de Software Avanzad,OO1,V,0700-0859,ANZURES - GARCIA MARIO,1CCO1/003
27268,CCOS 601,Ingenieria de Software Avanzad,OO2,L,1300-1359,SILVA - SANCHEZ PATRICIA,1CCO1/002
27268,CCOS 601,Ingenieria de Software Avanzad,OO2,M,1300-1459,SILVA - SANCHEZ PATRICIA,1CCO1/002
27268,CCOS 601,Ingenieria de Software Avanzad,OO2,V,1300-1459,SILVA - SANCHEZ PATRICIA,1CCO1/002
10875,CCOS 258,Inteligencia Artificial,OO1,L,0700-0759,RIVERA - MARTINEZ MARCELA,1CCO4/201
10875,CCOS 258,Inteligencia Artificial,OO1,M,0700-0859,RIVERA - MARTINEZ MARCELA,1CCO4/404
10875,CCOS 258,Inteligencia Artificial,OO1,V,0700-0859,RIVERA - MARTINEZ MARCELA,1CCO4/404
12102,CCOS 258,Inteligencia Artificial,OO2,L,0900-0959,MORENO - BARBOSA FERNANDO,1CCO4/401
12102,CCOS 258,Inteligencia Artificial,OO2,M,0900-1059,MORENO - BARBOSA FERNANDO,1CCO4/401
12102,CCOS 258,Inteligencia Artificial,OO2,V,0900-1059,MORENO - BARBOSA FERNANDO,1CCO4/404
11010,CCOS 607,Interaccion Humano Computadora,OO1,L,1200-1259,ARCHUNDIA - SIERRA ETELVINA,1CCO1/002
11010,CCOS 607,Interaccion Humano Computadora,OO1,A,1100-1259,ARCHUNDIA - SIERRA ETELVINA,1CCO1/001
11010,CCOS 607,Interaccion Humano Computadora,OO1,J,1100-1259,ARCHUNDIA - SIERRA ETELVINA,1CCO1/001
12176,CCOS 607,Interaccion Humano Computadora,OO2,L,1300-1359,MARTINEZ - MIRON ERIKA ANNABEL,1CCO4/301
12176,CCOS 607,Interaccion Humano Computadora,OO2,M,1300-1459,MARTINEZ - MIRON ERIKA ANNABEL,1CCO2/208
12176,CCOS 607,Interaccion Humano Computadora,OO2,V,1300-1459,MARTINEZ - MIRON ERIKA ANNABEL,1CCO4/301
29966,FGUS 810,Lengua Extranjera Frances I,119,LM,1000-1159,ESTRADA - SORIANO JANET,1LEN1/221
10009,FGUS 004,Lengua Extranjera I,101,M,1100-1259,CASTILLO - BAEZ GABRIELA JOSEFINA,1CCO1/003
10009,FGUS 004,Lengua Extranjera I,101,V,1100-1259,CASTILLO - BAEZ GABRIELA JOSEFINA,1CCO1/003
12110,FGUS 004,Lengua Extranjera I,102,M,1500-1659,DIAZ - GARCIA ELVIRA CLAUDIA,1CCO1V/
12110,FGUS 004,Lengua Extranjera I,102,V,1500-1659,DIAZ - GARCIA ELVIRA CLAUDIA,1CCO1V/
12161,FGUS 004,Lengua Extranjera I,103,A,0700-0859,LOPEZ - ARELLANO SANDRA GUADALUPE,1CCO1V/
12161,FGUS 004,Lengua Extranjera I,103,J,0700-0859,LOPEZ - ARELLANO SANDRA GUADALUPE,1CCO1V/
12095,FGUS 004,Lengua Extranjera I,104,A,1100-1259,TECUATL - CUAUTLE ARACELI,1CCO1V/
12095,FGUS 004,Lengua Extranjera I,104,J,1100-1259,TECUATL - CUAUTLE ARACELI,1CCO1V/
12225,FGUS 004,Lengua Extranjera I,105,A,0900-1059,TECUATL - CUAUTLE ARACELI,1CCO1V/
12225,FGUS 004,Lengua Extranjera I,105,J,0900-1059,TECUATL - CUAUTLE ARACELI,1CCO1V/
12276,FGUS 004,Lengua Extranjera I,106,A,1300-1459,TECUATL - CUAUTLE ARACELI,1CCO1V/
12276,FGUS 004,Lengua Extranjera I,106,J,1300-1459,TECUATL - CUAUTLE ARACELI,1CCO1V/
12339,FGUS 004,Lengua Extranjera I,107,M,1500-1659,DE JESUS - FERNANDEZ MARIA,1CCO1V/
12339,FGUS 004,Lengua Extranjera I,107,V,1500-1659,DE JESUS - FERNANDEZ MARIA,1CCO1V/
12147,FGUS 004,Lengua Extranjera I,108,M,0900-1059,ORTEGA - CASTILLO KARINA,1CCO1V/
12147,FGUS 004,Lengua Extranjera I,108,V,0900-1059,ORTEGA - CASTILLO KARINA,1CCO1V/
12342,FGUS 004,Lengua Extranjera I,109,M,1300-1459,CORONA - MEZA WILFRIDO,1CCO1/003
12342,FGUS 004,Lengua Extranjera I,109,V,1300-1459,CORONA - MEZA WILFRIDO,1CCO1/003
12254,FGUS 004,Lengua Extranjera I,110,M,1100-1259,ORTEGA - CASTILLO KARINA,1CCO1V/
12254,FGUS 004,Lengua Extranjera I,110,V,1100-1259,ORTEGA - CASTILLO KARINA,1CCO1V/
12345,FGUS 004,Lengua Extranjera I,111,A,0700-0859,CHAVEZ - HEREDIA CLAUDIA,1CCO1V/
12345,FGUS 004,Lengua Extranjera I,111,J,0700-0859,CHAVEZ - HEREDIA CLAUDIA,1CCO1V/
12122,FGUS 004,Lengua Extranjera I,112,M,1300-1459,RUIZ - SANCHEZ ITZEL,1CCO1V/
12122,FGUS 004,Lengua Extranjera I,112,V,1300-1459,RUIZ - SANCHEZ ITZEL,1CCO1V/
12347,FGUS 004,Lengua Extranjera I,113,M,1300-1459,MEDINA - VELAZQUEZ DULCE ITZEL,1CCO1V/
12347,FGUS 004,Lengua Extranjera I,113,V,1300-1459,MEDINA - VELAZQUEZ DULCE ITZEL,1CCO1V/
29340,FGUS 004,Lengua Extranjera I,114,S,0800-0959,RUGERIO - VALERIO CARLOS ALBERTO,1CCO4/101
29340,FGUS 004,Lengua Extranjera I,114,S,1100-1259,RUGERIO - VALERIO CARLOS ALBERTO,1CCO4/101
10010,FGUS 005,Lengua Extranjera II,101,M,0900-1059,ROSALES - VERA FERNANDO ARMANDO,1CCO1V/
10010,FGUS 005,Lengua Extranjera II,101,V,0900-1059,ROSALES - VERA FERNANDO ARMANDO,1CCO1V/
12352,FGUS 005,Lengua Extranjera II,102,M,1100-1259,HERNANDEZ - GUERRERO MARTHA,1CCO1V/
12352,FGUS 005,Lengua Extranjera II,102,V,1100-1259,HERNANDEZ - GUERRERO MARTHA,1CCO1V/
12354,FGUS 005,Lengua Extranjera II,103,M,1300-1459,ROSALES - VERA FERNANDO ARMANDO,1CCO1V/
12354,FGUS 005,Lengua Extranjera II,103,V,1300-1459,ROSALES - VERA FERNANDO ARMANDO,1CCO1V/
12357,FGUS 005,Lengua Extranjera II,104,A,0900-1059,CHAVEZ - HEREDIA CLAUDIA,1CCO1V/
12357,FGUS 005,Lengua Extranjera II,104,J,0900-1059,CHAVEZ - HEREDIA CLAUDIA,1CCO1V/
12359,FGUS 005,Lengua Extranjera II,105,A,1100-1259,CHAVEZ - HEREDIA CLAUDIA,1CCO1V/
12359,FGUS 005,Lengua Extranjera II,105,J,1100-1259,CHAVEZ - HEREDIA CLAUDIA,1CCO1V/
12363,FGUS 005,Lengua Extranjera II,106,A,1300-1459,RODRIGUEZ - GARCIA NORMA MARINA,1CCO1V/
12363,FGUS 005,Lengua Extranjera II,106,J,1300-1459,RODRIGUEZ - GARCIA NORMA MARINA,1CCO1V/
29343,FGUS 005,Lengua Extranjera II,107,S,0800-0959,SERRANO - RAMIREZ ANA LUCIA,1CCO4/102
29343,FGUS 005,Lengua Extranjera II,107,S,1100-1259,SERRANO - RAMIREZ ANA LUCIA,1CCO4/102
10011,FGUS 006,Lengua Extranjera III,101,M,0900-1059,SALGADO - BENITEZ ALVARO GONZALO,1CCO1V/
10011,FGUS 006,Lengua Extranjera III,101,V,0900-1059,SALGADO - BENITEZ ALVARO GONZALO,1CCO1V/
12367,FGUS 006,Lengua Extranjera III,102,M,1100-1259,ROSALES - VERA FERNANDO ARMANDO,1CCO1V/
12367,FGUS 006,Lengua Extranjera III,102,V,1100-1259,ROSALES - VERA FERNANDO ARMANDO,1CCO1V/
12371,FGUS 006,Lengua Extranjera III,104,A,0900-1059,VALERDI - DAVILA PATRICIA ARACELI,1CCO1V/
12371,FGUS 006,Lengua Extranjera III,104,J,0900-1059,VALERDI - DAVILA PATRICIA ARACELI,1CCO1V/
12373,FGUS 006,Lengua Extranjera III,105,A,1100-1259,CAMARILLO - HUERTA MARIA DEL ROCIO,1CCO1V/
12373,FGUS 006,Lengua Extranjera III,105,J,1100-1259,CAMARILLO - HUERTA MARIA DEL ROCIO,1CCO1V/
12374,FGUS 006,Lengua Extranjera III,106,A,1300-1459,VALERDI - DAVILA PATRICIA ARACELI,1CCO1V/
12374,FGUS 006,Lengua Extranjera III,106,J,1300-1459,VALERDI - DAVILA PATRICIA ARACELI,1CCO1V/
29345,FGUS 006,Lengua Extranjera III,107,S,0800-0959,VELA - REYES LISETTE,1CCO4/103
29345,FGUS 006,Lengua Extranjera III,107,S,1100-1259,VELA - REYES LISETTE,1CCO4/103
30812,FGUS 824,Lengua Extranjera Ingles V,105,AJ,1500-1659,SANCHEZ - RODRIGUEZ EVA MARIA,1LEN1/131
10012,FGUS 007,Lengua Extranjera IV,101,M,0900-1059,VALERDI - DAVILA PATRICIA ARACELI,1CCO1V/
10012,FGUS 007,Lengua Extranjera IV,101,V,0900-1059,VALERDI - DAVILA PATRICIA ARACELI,1CCO1V/
12387,FGUS 007,Lengua Extranjera IV,102,M,1100-1259,VALERDI - DAVILA PATRICIA ARACELI,1CCO1V/
12387,FGUS 007,Lengua Extranjera IV,102,V,1100-1259,VALERDI - DAVILA PATRICIA ARACELI,1CCO1V/
12392,FGUS 007,Lengua Extranjera IV,104,A,0900-1059,ROSALES - VERA FERNANDO ARMANDO,1CCO1V/
12392,FGUS 007,Lengua Extranjera IV,104,J,0900-1059,ROSALES - VERA FERNANDO ARMANDO,1CCO1V/
12397,FGUS 007,Lengua Extranjera IV,105,A,1100-1259,VALERDI - DAVILA PATRICIA ARACELI,1CCO1V/
12397,FGUS 007,Lengua Extranjera IV,105,J,1100-1259,VALERDI - DAVILA PATRICIA ARACELI,1CCO1V/
12715,FGUS 007,Lengua Extranjera IV,106,A,1300-1459,CHAVEZ - HEREDIA CLAUDIA,1CCO1V/
12715,FGUS 007,Lengua Extranjera IV,106,J,1300-1459,CHAVEZ - HEREDIA CLAUDIA,1CCO1V/
29346,FGUS 007,Lengua Extranjera IV,107,S,0800-0959,ALCARAZ - BARRIOS MARISOL,1CCO4/104
29346,FGUS 007,Lengua Extranjera IV,107,S,1100-1259,ALCARAZ - BARRIOS MARISOL,1CCO4/104
10423,CCOS 014,Lenguajes Formales y Automatas,OO1,L,1400-1459,LAVALLE - MARTINEZ JOSE DE JESUS,1CCO4/204
10423,CCOS 014,Lenguajes Formales y Automatas,OO1,A,1300-1459,LAVALLE - MARTINEZ JOSE DE JESUS,1CCO3/114
10423,CCOS 014,Lenguajes Formales y Automatas,OO1,J,1300-1459,LAVALLE - MARTINEZ JOSE DE JESUS,1CCO3/101
12077,CCOS 014,Lenguajes Formales y Automatas,OO2,L,0900-0959,LEMUZ - LOPEZ RAFAEL,1EMA5/105
12077,CCOS 014,Lenguajes Formales y Automatas,OO2,M,0900-1059,LEMUZ - LOPEZ RAFAEL,1CCO4/403
12077,CCOS 014,Lenguajes Formales y Automatas,OO2,V,0900-1059,LEMUZ - LOPEZ RAFAEL,1EMA5/105
25271,CCOS 014,Lenguajes Formales y Automatas,OO4,L,1100-1159,TOVAR - VIDAL MIREYA,1CCO3/109
25271,CCOS 014,Lenguajes Formales y Automatas,OO4,M,1100-1259,TOVAR - VIDAL MIREYA,1CCO4/202
25271,CCOS 014,Lenguajes Formales y Automatas,OO4,V,1100-1259,TOVAR - VIDAL MIREYA,1CCO4/202
10448,CCOS 012,Logica Matematica,OO1,L,1300-1359,GARCIA - JUAREZ PEDRO,1CCO4/201
10448,CCOS 012,Logica Matematica,OO1,M,1300-1459,GARCIA - JUAREZ PEDRO,1CCO4/201
10448,CCOS 012,Logica Matematica,OO1,V,1300-1459,GARCIA - JUAREZ PEDRO,1CCO4/201
25382,CCOS 012,Logica Matematica,OO3,L,1100-1159,PALOMINO - JIMENEZ CARLOS,1EMA5/104
25382,CCOS 012,Logica Matematica,OO3,M,1100-1259,PALOMINO - JIMENEZ CARLOS,1EMA5/104
25382,CCOS 012,Logica Matematica,OO3,V,1100-1259,PALOMINO - JIMENEZ CARLOS,1EMA5/104
27247,CCOS 012,Logica Matematica,OO4,L,1100-1159,HERNANDEZ - HERNANDEZ MARIA DEL ROSARIO,1EMA5/105
27247,CCOS 012,Logica Matematica,OO4,M,1100-1259,HERNANDEZ - HERNANDEZ MARIA DEL ROSARIO,1EMA5/105
27247,CCOS 012,Logica Matematica,OO4,V,1100-1259,HERNANDEZ - HERNANDEZ MARIA DEL ROSARIO,1EMA5/105
12626,CCOS 002,Matematicas Elementales,OO1,L,1100-1159,ROBLES - MENDOZA FRANCISCO JAVIER,1CCO1/002
12626,CCOS 002,Matematicas Elementales,OO1,M,1100-1259,ROBLES - MENDOZA FRANCISCO JAVIER,1CCO1/002
12626,CCOS 002,Matematicas Elementales,OO1,V,1100-1259,ROBLES - MENDOZA FRANCISCO JAVIER,1CCO1/002
12100,CCOS 002,Matematicas Elementales,OO2,L,1100-1159,GARCIA - TAMAYO ROSA,1CCO4/101
12100,CCOS 002,Matematicas Elementales,OO2,M,1100-1259,GARCIA - TAMAYO ROSA,1CCO4/101
12100,CCOS 002,Matematicas Elementales,OO2,V,1100-1259,GARCIA - TAMAYO ROSA,1CCO4/101
12073,CCOS 002,Matematicas Elementales,OO3,L,0800-0859,ARIZA - VELAZQUEZ EDUARDO,1CCO4/101
12073,CCOS 002,Matematicas Elementales,OO3,A,0700-0859,ARIZA - VELAZQUEZ EDUARDO,1CCO4/101
12073,CCOS 002,Matematicas Elementales,OO3,J,0700-0859,ARIZA - VELAZQUEZ EDUARDO,1CCO4/101
12114,CCOS 002,Matematicas Elementales,OO5,L,1800-1859,GARCIA - RAMIREZ RUBEN SENEN,1CCO4/303
12114,CCOS 002,Matematicas Elementales,OO5,A,1700-1859,GARCIA - RAMIREZ RUBEN SENEN,1CCO4/303
12114,CCOS 002,Matematicas Elementales,OO5,J,1700-1859,GARCIA - RAMIREZ RUBEN SENEN,1CCO4/303
12241,CCOS 001,Metodologia de la Programacion,O11,M,0900-1059,CRUZ - ALMANZA GRACIANO,1CCO4/102
12241,CCOS 001,Metodologia de la Programacion,O11,V,0900-1059,CRUZ - ALMANZA GRACIANO,1CCO4/102
12156,CCOS 001,Metodologia de la Programacion,O1O,M,0700-0859,CONTRERAS - GONZALEZ MELIZA,1CCO4/103
12156,CCOS 001,Metodologia de la Programacion,O1O,V,0700-0859,CONTRERAS - GONZALEZ MELIZA,1CCO4/103
12181,CCOS 001,Metodologia de la Programacion,OO1,M,0900-1059,SANTIAGO - DIAZ MARIA DEL CARMEN,1CCO4/203
12181,CCOS 001,Metodologia de la Programacion,OO1,V,0900-1059,SANTIAGO - DIAZ MARIA DEL CARMEN,1CCO4/203
27182,CCOS 001,Metodologia de la Programacion,OO2,M,1100-1259,MOYAO - MARTINEZ YOLANDA,1CCO4/305
27182,CCOS 001,Metodologia de la Programacion,OO2,V,1100-1259,MOYAO - MARTINEZ YOLANDA,1CCO3/114
12084,CCOS 001,Metodologia de la Programacion,OO3,A,0900-1059,BELTRAN - MARTINEZ BEATRIZ,1CCO4/101
12084,CCOS 001,Metodologia de la Programacion,OO3,J,0900-1059,BELTRAN - MARTINEZ BEATRIZ,1CCO4/101
12129,CCOS 001,Metodologia de la Programacion,OO4,M,1100-1259,CASTILLO - ZACATELCO HILDA,1CCO4/104
12129,CCOS 001,Metodologia de la Programacion,OO4,V,1100-1259,CASTILLO - ZACATELCO HILDA,1CCO4/104
12268,CCOS 001,Metodologia de la Programacion,OO5,M,1100-1259,BELLO - LOPEZ PEDRO,1CCO4/103
12268,CCOS 001,Metodologia de la Programacion,OO5,V,1100-1259,BELLO - LOPEZ PEDRO,1CCO4/103
12217,CCOS 001,Metodologia de la Programacion,OO6,A,1100-1259,GARCES - BAEZ JOSE ALFONSO DEL,1CCO4/101
12217,CCOS 001,Metodologia de la Programacion,OO6,J,1100-1259,GARCES - BAEZ JOSE ALFONSO DEL,1CCO4/101
12106,CCOS 001,Metodologia de la Programacion,OO7,A,1300-1459,GONZALEZ - FLORES MARCOS,1CCO4/101
12106,CCOS 001,Metodologia de la Programacion,OO7,J,1300-1459,GONZALEZ - FLORES MARCOS,1CCO4/101
12769,CCOS 001,Metodologia de la Programacion,OO8,M,1300-1459,Carlos Leopoldo Carreón Díaz de León,1CCO4/202
12769,CCOS 001,Metodologia de la Programacion,OO8,V,1300-1459,Carlos Leopoldo Carreón Díaz de León,1CCO4/202
12119,CCOS 001,Metodologia de la Programacion,OO9,A,1100-1259,MENDEZ - SANCHEZ LUIS YAEL,1CCO4/303
12119,CCOS 001,Metodologia de la Programacion,OO9,J,1100-1259,MENDEZ - SANCHEZ LUIS YAEL,1CCO4/303
11041,ICCS 257,Mineria de Datos,OO1,L,0700-0759,MORENO - BARBOSA FERNANDO,1CCO5/202
11041,ICCS 257,Mineria de Datos,OO1,M,0700-0859,MORENO - BARBOSA FERNANDO,1CCO4/307
11041,ICCS 257,Mineria de Datos,OO1,V,0700-0859,MORENO - BARBOSA FERNANDO,1CCO5/201
12198,ICCS 257,Mineria de Datos,OO2,L,1100-1159,OLVERA - LOPEZ JOSE ARTURO,1EMA5/206
12198,ICCS 257,Mineria de Datos,OO2,M,1100-1259,OLVERA - LOPEZ JOSE ARTURO,1CCO2/207
12198,ICCS 257,Mineria de Datos,OO2,V,1100-1259,OLVERA - LOPEZ JOSE ARTURO,1EMA5/206
12556,ICCS 257,Mineria de Datos,OO3,L,1300-1359,"TECUANHUEHUE
- VERA PEDRO",1CCO4/402
12556,ICCS 257,Mineria de Datos,OO3,M,1300-1459,"TECUANHUEHUE
- VERA PEDRO",1CCO4/307
12556,ICCS 257,Mineria de Datos,OO3,V,1300-1459,"TECUANHUEHUE
- VERA PEDRO",1CCO4/403
14550,ICCS 257,Mineria de Datos,OO4,L,1700-1759,MENDEZ - SANCHEZ LUIS YAEL,1CCO4/307
14550,ICCS 257,Mineria de Datos,OO4,M,1700-1859,MENDEZ - SANCHEZ LUIS YAEL,1CCO4/307
14550,ICCS 257,Mineria de Datos,OO4,V,1700-1859,MENDEZ - SANCHEZ LUIS YAEL,1CCO4/307
14567,ICCS 257,Mineria de Datos,OO6,L,1600-1659,"TECUANHUEHUE
- VERA PEDRO",1CCO3/109
14567,ICCS 257,Mineria de Datos,OO6,A,1500-1659,"TECUANHUEHUE
- VERA PEDRO",1CCO3/109
14567,ICCS 257,Mineria de Datos,OO6,J,1500-1659,"TECUANHUEHUE
- VERA PEDRO",1CCO5/201
11058,CCOS 251,Probabilidad y Estadistica,OO1,L,0900-0959,GARCIA - TAMAYO ROSA,1CCO4/301
11058,CCOS 251,Probabilidad y Estadistica,OO1,M,0900-1059,GARCIA - TAMAYO ROSA,1CCO4/301
11058,CCOS 251,Probabilidad y Estadistica,OO1,V,0900-1059,GARCIA - TAMAYO ROSA,1CCO4/301
12201,CCOS 251,Probabilidad y Estadistica,OO2,L,1000-1059,GARCIA - TAMAYO ROSA,1CCO1/001
12201,CCOS 251,Probabilidad y Estadistica,OO2,A,0900-1059,GARCIA - TAMAYO ROSA,1CCO5/202
12201,CCOS 251,Probabilidad y Estadistica,OO2,J,0900-1059,GARCIA - TAMAYO ROSA,1CCO5/203
27249,CCOS 251,Probabilidad y Estadistica,OO3,L,1200-1259,GONZALEZ - FLORES MARCOS,1EMA5/104
27249,CCOS 251,Probabilidad y Estadistica,OO3,A,1100-1259,GONZALEZ - FLORES MARCOS,1EMA5/104
27249,CCOS 251,Probabilidad y Estadistica,OO3,J,1100-1259,GONZALEZ - FLORES MARCOS,1EMA5/104
90085,CCOS 251,Probabilidad y Estadistica,OO4,L,1000-1059,PALOMINO - JIMENEZ CARLOS,1CCO4/204
90085,CCOS 251,Probabilidad y Estadistica,OO4,A,0900-1059,PALOMINO - JIMENEZ CARLOS,1CCO5/107
90085,CCOS 251,Probabilidad y Estadistica,OO4,J,0900-1059,PALOMINO - JIMENEZ CARLOS,1CCO4/301
12971,CCOS 251,Probabilidad y Estadistica,OO5,L,1700-1759,Arlem Aleida Castillo,1CCO4/301
12971,CCOS 251,Probabilidad y Estadistica,OO5,M,1700-1859,Arlem Aleida Castillo,1CCO4/301
12971,CCOS 251,Probabilidad y Estadistica,OO5,V,1700-1859,Arlem Aleida Castillo,1CCO4/301
25385,CCOS 251,Probabilidad y Estadistica,OO6,L,0800-0859,MARTINEZ - GUZMAN GERARDO,1CCO1/002
25385,CCOS 251,Probabilidad y Estadistica,OO6,A,0700-0859,MARTINEZ - GUZMAN GERARDO,1CCO1/002
25385,CCOS 251,Probabilidad y Estadistica,OO6,J,0700-0859,MARTINEZ - GUZMAN GERARDO,1CCO1/002
11048,CCOS 608,Proces.Digital de Imagenes,OO1,L,1000-1059,MARCIAL - CASTILLO LUIS RENE,1CCO3/104
11048,CCOS 608,Proces.Digital de Imagenes,OO1,A,0900-1059,MARCIAL - CASTILLO LUIS RENE,1CCO4/402
11048,CCOS 608,Proces.Digital de Imagenes,OO1,J,0900-1059,MARCIAL - CASTILLO LUIS RENE,1CCO3/104
14559,CCOS 608,Proces.Digital de Imagenes,OO2,L,1600-1659,ORATO - RAMIREZ JOSE MARTIN,1CCO4/308
14559,CCOS 608,Proces.Digital de Imagenes,OO2,A,1500-1659,ORATO - RAMIREZ JOSE MARTIN,1CCO4/308
14559,CCOS 608,Proces.Digital de Imagenes,OO2,J,1500-1659,ORATO - RAMIREZ JOSE MARTIN,1CCO4/402
12691,CCOS 608,Proces.Digital de Imagenes,OO4,L,0900-0959,OLVERA - LOPEZ JOSE ARTURO,1CCO4/404
12691,CCOS 608,Proces.Digital de Imagenes,OO4,M,0900-1059,OLVERA - LOPEZ JOSE ARTURO,1CCO4/404
12691,CCOS 608,Proces.Digital de Imagenes,OO4,V,0900-1059,OLVERA - LOPEZ JOSE ARTURO,1CCO4/308
90081,CCOS 613,Prog. de Dispositivos Moviles,OO1,L,0700-0759,Arlem Aleida Castillo,1CCO4/403
90081,CCOS 613,Prog. de Dispositivos Moviles,OO1,M,0700-0859,Arlem Aleida Castillo,1CCO4/403
90081,CCOS 613,Prog. de Dispositivos Moviles,OO1,V,0700-0859,Arlem Aleida Castillo,1CCO5/202
12105,CCOS 253,"Progra.
Concurrente y Paralela",OO2,L,1500-1559,SALAZAR - MARTINEZ HILARIO,1CCO5/201
12105,CCOS 253,"Progra.
Concurrente y Paralela",OO2,M,1500-1659,SALAZAR - MARTINEZ HILARIO,1CCO3/109
12105,CCOS 253,"Progra.
Concurrente y Paralela",OO2,V,1500-1659,SALAZAR - MARTINEZ HILARIO,1CCO5/201
12634,CCOS 253,"Progra.
Concurrente y Paralela",OO4,L,0700-0759,Daniel Marcelo González Arriaga,1CCO2/208
12634,CCOS 253,"Progra.
Concurrente y Paralela",OO4,M,0700-0859,Daniel Marcelo González Arriaga,1CCO2/208
12634,CCOS 253,"Progra.
Concurrente y Paralela",OO4,V,0700-0859,Daniel Marcelo González Arriaga,1CCO2/208
12629,CCOS 615,Programacion de Videojuegos,OO4,L,1900-1959,PEREZ - LUCERO JOSUE,1CCO4/307
12629,CCOS 615,Programacion de Videojuegos,OO4,M,1900-2059,PEREZ - LUCERO JOSUE,1CCO4/307
12629,CCOS 615,Programacion de Videojuegos,OO4,V,1900-2059,PEREZ - LUCERO JOSUE,1CCO4/307
10885,CCOS 256,Programacion Distribuida,OO1,L,0700-0759,SANCHEZ - GALVEZ MARIA LUZ ADOLFINA,1CCO3/104
10885,CCOS 256,Programacion Distribuida,OO1,M,0700-0859,SANCHEZ - GALVEZ MARIA LUZ ADOLFINA,1CCO3/104
10885,CCOS 256,Programacion Distribuida,OO1,V,0700-0859,SANCHEZ - GALVEZ MARIA LUZ ADOLFINA,1CCO4/203
14478,CCOS 256,Programacion Distribuida,OO3,L,1900-1959,Reynold Osuna González,1CCO3/101
14478,CCOS 256,Programacion Distribuida,OO3,M,1900-2059,Reynold Osuna González,1CCO3/101
14478,CCOS 256,Programacion Distribuida,OO3,V,1900-2059,Reynold Osuna González,1CCO3/101
14179,CCOS 004,Programacion I,O14,L,0700-0759,RODRIGUEZ - PEDROZA BERENICE,1CCO4/202
14179,CCOS 004,Programacion I,O14,M,0700-0859,RODRIGUEZ - PEDROZA BERENICE,1CCO4/202
14179,CCOS 004,Programacion I,O14,V,0700-0859,RODRIGUEZ - PEDROZA BERENICE,1CCO3/101
14193,CCOS 004,Programacion I,O16,L,1000-1059,CRUZ - ALMANZA GRACIANO,1CCO4/306
14193,CCOS 004,Programacion I,O16,A,0900-1059,CRUZ - ALMANZA GRACIANO,1CCO3/101
14193,CCOS 004,Programacion I,O16,J,0900-1059,CRUZ - ALMANZA GRACIANO,1CCO2/208
14214,CCOS 004,Programacion I,O18,L,1200-1259,BELLO - LOPEZ PEDRO,1CCO4/403
14214,CCOS 004,Programacion I,O18,A,1100-1259,BELLO - LOPEZ PEDRO,1CCO4/403
14214,CCOS 004,Programacion I,O18,J,1100-1259,BELLO - LOPEZ PEDRO,1CCO4/403
14224,CCOS 004,Programacion I,O21,L,1300-1359,PEREZ - LUCERO JOSUE,1CCO4/404
14224,CCOS 004,Programacion I,O21,M,1300-1459,PEREZ - LUCERO JOSUE,1CCO4/404
14224,CCOS 004,Programacion I,O21,V,1300-1459,PEREZ - LUCERO JOSUE,1CCO4/304
14231,CCOS 004,Programacion I,O22,L,1400-1459,PEREZ - LUCERO JOSUE,1CCO4/104
14231,CCOS 004,Programacion I,O22,A,1300-1459,PEREZ - LUCERO JOSUE,1CCO2/208
14231,CCOS 004,Programacion I,O22,J,1300-1459,PEREZ - LUCERO JOSUE,1CCO4/104
14235,CCOS 004,Programacion I,O24,L,1800-1859,VARGAS - LOMELI MIGUEL,1CCO4/202
14235,CCOS 004,Programacion I,O24,A,1700-1859,VARGAS - LOMELI MIGUEL,1CCO3/104
14235,CCOS 004,Programacion I,O24,J,1700-1859,VARGAS - LOMELI MIGUEL,1CCO4/202
12436,CCOS 004,Programacion I,OO3,L,0800-0859,VERA - CERVANTES EUGENIA ERICA,1CCO4/301
12436,CCOS 004,Programacion I,OO3,A,0700-0859,VERA - CERVANTES EUGENIA ERICA,1CCO4/301
12436,CCOS 004,Programacion I,OO3,J,0700-0859,VERA - CERVANTES EUGENIA ERICA,1CCO3/101
12667,CCOS 004,Programacion I,OO4,L,0900-0959,CASTILLO - ZACATELCO HILDA,1CCO4/204
12667,CCOS 004,Programacion I,OO4,M,0900-1059,CASTILLO - ZACATELCO HILDA,1CCO4/306
12667,CCOS 004,Programacion I,OO4,V,0900-1059,CASTILLO - ZACATELCO HILDA,1CCO3/101
12921,CCOS 004,Programacion I,OO5,L,1000-1059,RODRIGUEZ - PEDROZA BERENICE,1CCO4/203
12921,CCOS 004,Programacion I,OO5,A,0900-1059,RODRIGUEZ - PEDROZA BERENICE,1CCO4/203
12921,CCOS 004,Programacion I,OO5,J,0900-1059,RODRIGUEZ - PEDROZA BERENICE,1CCO3/109
13223,CCOS 004,Programacion I,OO6,L,1200-1259,VAZQUEZ - FLORES JOSE ANDRES,1CCO4/301
13223,CCOS 004,Programacion I,OO6,A,1100-1259,VAZQUEZ - FLORES JOSE ANDRES,1CCO4/301
13223,CCOS 004,Programacion I,OO6,J,1100-1259,VAZQUEZ - FLORES JOSE ANDRES,1CCO3/101
13678,CCOS 004,Programacion I,OO7,L,1300-1359,TORRES - ACUITLAPA OMAR,1CCO4/303
13678,CCOS 004,Programacion I,OO7,M,1300-1459,TORRES - ACUITLAPA OMAR,1CCO4/303
13678,CCOS 004,Programacion I,OO7,V,1300-1459,TORRES - ACUITLAPA OMAR,1CCO3/101
14016,CCOS 004,Programacion I,OO9,L,1500-1559,MEJIA - MATIAS HILDA,1CCO4/401
14016,CCOS 004,Programacion I,OO9,M,1500-1659,MEJIA - MATIAS HILDA,1CCO4/403
14016,CCOS 004,Programacion I,OO9,V,1500-1659,MEJIA - MATIAS HILDA,1CCO4/308
33050,CCOS 010,Programacion II,O11,L,0800-0859,BONFIL - BARRAGAN ERIKA,1CCO4/206
33050,CCOS 010,Programacion II,O11,A,0700-0859,BONFIL - BARRAGAN ERIKA,1CCO4/206
33050,CCOS 010,Programacion II,O11,J,0700-0859,BONFIL - BARRAGAN ERIKA,1CCO4/206
14069,CCOS 010,Programacion II,O1O,L,1700-1759,CUAYAHUITL - ROMERO LAURA,1CCO3/104
14069,CCOS 010,Programacion II,O1O,M,1700-1859,CUAYAHUITL - ROMERO LAURA,1CCO4/303
14069,CCOS 010,Programacion II,O1O,V,1700-1859,CUAYAHUITL - ROMERO LAURA,1CCO3/104
10987,CCOS 010,Programacion II,OO1,L,0800-0859,MELENDEZ - TEODORO AUGUSTO,1CCO3/101
10987,CCOS 010,Programacion II,OO1,A,0700-0859,MELENDEZ - TEODORO AUGUSTO,1CCO3/101
10987,CCOS 010,Programacion II,OO1,J,0700-0859,MELENDEZ - TEODORO AUGUSTO,1CCO4/305
12155,CCOS 010,Programacion II,OO2,L,0900-0959,ROSSAINZ - LOPEZ MARIO,1CCO4/304
12155,CCOS 010,Programacion II,OO2,M,0900-1059,ROSSAINZ - LOPEZ MARIO,1CCO3/104
12155,CCOS 010,Programacion II,OO2,V,0900-1059,ROSSAINZ - LOPEZ MARIO,1CCO4/306
12432,CCOS 010,Programacion II,OO3,L,1200-1259,GALICIA - HERNANDEZ YALU,1CCO3/101
12432,CCOS 010,Programacion II,OO3,A,1100-1259,GALICIA - HERNANDEZ YALU,1CCO3/101
12432,CCOS 010,Programacion II,OO3,J,1100-1259,GALICIA - HERNANDEZ YALU,1CCO3/114
12664,CCOS 010,Programacion II,OO4,L,1400-1459,Arlem Aleida Castillo,1CCO3/104
12664,CCOS 010,Programacion II,OO4,A,1300-1459,Arlem Aleida Castillo,1CCO4/104
12664,CCOS 010,Programacion II,OO4,J,1300-1459,Arlem Aleida Castillo,1CCO3/104
12939,CCOS 010,Programacion II,OO5,L,1000-1059,SANCHEZ - GALVEZ MARIA LUZ ADOLFINA,1CCO3/101
12939,CCOS 010,Programacion II,OO5,A,0900-1059,SANCHEZ - GALVEZ MARIA LUZ ADOLFINA,1CCO4/304
12939,CCOS 010,Programacion II,OO5,J,0900-1059,SANCHEZ - GALVEZ MARIA LUZ ADOLFINA,1CCO3/101
13295,CCOS 010,Programacion II,OO6,L,0700-0759,VERA - CERVANTES EUGENIA ERICA,1CCO3/109
13295,CCOS 010,Programacion II,OO6,M,0700-0859,VERA - CERVANTES EUGENIA ERICA,1CCO3/109
13295,CCOS 010,Programacion II,OO6,V,0700-0859,VERA - CERVANTES EUGENIA ERICA,1CCO4/304
13692,CCOS 010,Programacion II,OO7,L,0900-0959,Margarita Carmina García López,1CCO3/101
13692,CCOS 010,Programacion II,OO7,M,0900-1059,Margarita Carmina García López,1CCO3/101
13692,CCOS 010,Programacion II,OO7,V,0900-1059,Margarita Carmina García López,1CCO4/204
13792,CCOS 010,Programacion II,OO8,L,1100-1159,CRUZ - ALMANZA GRACIANO,1CCO4/308
13792,CCOS 010,Programacion II,OO8,M,1100-1259,CRUZ - ALMANZA GRACIANO,1CCO4/308
13792,CCOS 010,Programacion II,OO8,V,1100-1259,CRUZ - ALMANZA GRACIANO,1CCO4/308
13996,CCOS 010,Programacion II,OO9,L,1500-1559,LARIOS - GOMEZ MARIANO,1CCO3/101
13996,CCOS 010,Programacion II,OO9,M,1500-1659,LARIOS - GOMEZ MARIANO,1CCO3/101
13996,CCOS 010,Programacion II,OO9,V,1500-1659,LARIOS - GOMEZ MARIANO,1CCO4/202
13468,IDDS 002,Proyectos I + D I,101,A,0900-1059,MARTINEZ - MIRON ERIKA ANNABEL,1CCO1V/
13468,IDDS 002,Proyectos I + D I,101,J,0900-1059,MARTINEZ - MIRON ERIKA ANNABEL,1CCO1V/
13476,IDDS 002,Proyectos I + D I,103,A,1100-1259,ROSALES - LOPEZ KARINA,1CCO1V/
13476,IDDS 002,Proyectos I + D I,103,J,1100-1259,ROSALES - LOPEZ KARINA,1CCO1V/
13554,IDDS 002,Proyectos I + D I,104,A,1500-1659,ROJAS - PEREZ ISRRAEL,1CCO4/102
13554,IDDS 002,Proyectos I + D I,104,J,1500-1659,ROJAS - PEREZ ISRRAEL,1CCO4/102
13569,IDDS 002,Proyectos I + D I,105,A,1900-2059,ROMAN - FLORES ALBERTO,1CCO4/103
13569,IDDS 002,Proyectos I + D I,105,J,1900-2059,ROMAN - FLORES ALBERTO,1CCO4/103
13588,IDDS 002,Proyectos I + D I,107,M,0900-1059,GUERRERO - GARCIA JOSEFINA,1CCO1V/
13588,IDDS 002,Proyectos I + D I,107,V,0900-1059,GUERRERO - GARCIA JOSEFINA,1CCO1V/
27263,IDDS 002,Proyectos I + D I,108,A,0900-1059,SANTIAGO - DIAZ MARIA DEL CARMEN,1CCO4/201
27263,IDDS 002,Proyectos I + D I,108,J,0900-1059,SANTIAGO - DIAZ MARIA DEL CARMEN,1CCO4/201
11068,CCOS 264,Recuperacion de la Informacion,OO1,L,0900-0959,"TECUANHUEHUE
- VERA PEDRO",1CCO4/403
11068,CCOS 264,Recuperacion de la Informacion,OO1,M,0900-1059,"TECUANHUEHUE
- VERA PEDRO",1CCO4/402
11068,CCOS 264,Recuperacion de la Informacion,OO1,V,0900-1059,"TECUANHUEHUE
- VERA PEDRO",1CCO4/403
12160,CCOS 264,Recuperacion de la Informacion,OO2,L,1200-1259,SANCHEZ - LOPEZ ABRAHAM,1CCO4/202
12160,CCOS 264,Recuperacion de la Informacion,OO2,A,1100-1259,SANCHEZ - LOPEZ ABRAHAM,1CCO3/114
12160,CCOS 264,Recuperacion de la Informacion,OO2,J,1100-1259,SANCHEZ - LOPEZ ABRAHAM,1CCO4/202
14523,CCOS 264,Recuperacion de la Informacion,OO3,L,1400-1459,CARRILLO - RUIZ MAYA,1CCO4/308
14523,CCOS 264,Recuperacion de la Informacion,OO3,A,1300-1459,CARRILLO - RUIZ MAYA,1CCO4/308
14523,CCOS 264,Recuperacion de la Informacion,OO3,J,1300-1459,CARRILLO - RUIZ MAYA,1CCO4/304
11072,CCOS 260,Redes de Computadoras,OO1,L,1000-1059,LEON - CHAVEZ MIGUEL ANGEL,1CCO3/301
11072,CCOS 260,Redes de Computadoras,OO1,A,0900-1059,LEON - CHAVEZ MIGUEL ANGEL,1CCO5/203
11072,CCOS 260,Redes de Computadoras,OO1,J,0900-1059,LEON - CHAVEZ MIGUEL ANGEL,1CCO3/310
14575,CCOS 260,Redes de Computadoras,OO2,L,1900-1959,RAMIREZ - ESPITIA CARLOS MAURICIO,1CCO3/208
14575,CCOS 260,Redes de Computadoras,OO2,M,1900-2059,RAMIREZ - ESPITIA CARLOS MAURICIO,1CCO3/208
14575,CCOS 260,Redes de Computadoras,OO2,V,1900-2059,RAMIREZ - ESPITIA CARLOS MAURICIO,1CCO3/208
12559,CCOS 260,Redes de Computadoras,OO3,L,0900-0959,SANCHEZ - ROMAN GUILLERMINA,1CCO3/301
12559,CCOS 260,Redes de Computadoras,OO3,M,0900-1059,SANCHEZ - ROMAN GUILLERMINA,1CCO3/208
12559,CCOS 260,Redes de Computadoras,OO3,V,0900-1059,SANCHEZ - ROMAN GUILLERMINA,1CCO4/402
12694,CCOS 260,Redes de Computadoras,OO4,L,1100-1159,BAUTISTA - LOPEZ VERONICA EDITH,1CCO1/005
12694,CCOS 260,Redes de Computadoras,OO4,M,1100-1259,BAUTISTA - LOPEZ VERONICA EDITH,1CCO3/301
12694,CCOS 260,Redes de Computadoras,OO4,V,1100-1259,BAUTISTA - LOPEZ VERONICA EDITH,1CCO3/302
14448,CCOS 263,Seguridad en Redes,OO1,L,1100-1159,ZENTENO - VAZQUEZ ANA CLAUDIA,1CCO3/301
14448,CCOS 263,Seguridad en Redes,OO1,M,1100-1259,ZENTENO - VAZQUEZ ANA CLAUDIA,1CCO3/302
14448,CCOS 263,Seguridad en Redes,OO1,V,1100-1259,ZENTENO - VAZQUEZ ANA CLAUDIA,1CCO3/301
25304,CCOS 263,Seguridad en Redes,OO2,L,1400-1459,HERNANDEZ - BERISTAIN ADRIANA,1CCO3/303
25304,CCOS 263,Seguridad en Redes,OO2,A,1300-1459,HERNANDEZ - BERISTAIN ADRIANA,1CCO3/303
25304,CCOS 263,Seguridad en Redes,OO2,J,1300-1459,HERNANDEZ - BERISTAIN ADRIANA,1CCO3/303
27269,CCOS 263,Seguridad en Redes,OO3,L,2000-2059,RAMIREZ - ESPITIA CARLOS MAURICIO,1CCO3/303
27269,CCOS 263,Seguridad en Redes,OO3,A,1900-2059,RAMIREZ - ESPITIA CARLOS MAURICIO,1CCO3/303
27269,CCOS 263,Seguridad en Redes,OO3,J,1900-2059,RAMIREZ - ESPITIA CARLOS MAURICIO,1CCO3/303
31854,CCOS 252,Sistemas Operativos I,O11,L,1100-1159,MENDOZA - OLGUIN GUSTAVO EMILIO,1CCO4/204
31854,CCOS 252,Sistemas Operativos I,O11,M,1100-1259,MENDOZA - OLGUIN GUSTAVO EMILIO,1CCO1V/
31854,CCOS 252,Sistemas Operativos I,O11,V,1100-1259,MENDOZA - OLGUIN GUSTAVO EMILIO,1CCO1V/
25310,CCOS 252,Sistemas Operativos I,O1O,L,1600-1659,CUAYAHUITL - ROMERO LAURA,1CCO4/301
25310,CCOS 252,Sistemas Operativos I,O1O,A,1500-1659,CUAYAHUITL - ROMERO LAURA,1CCO4/301
25310,CCOS 252,Sistemas Operativos I,O1O,J,1500-1659,CUAYAHUITL - ROMERO LAURA,1CCO4/308
12166,CCOS 252,Sistemas Operativos I,OO2,L,1000-1059,COLMENARES - GUILLEN LUIS ENRIQUE,1CCO3/114
12166,CCOS 252,Sistemas Operativos I,OO2,A,0900-1059,COLMENARES - GUILLEN LUIS ENRIQUE,1CCO4/301
12166,CCOS 252,Sistemas Operativos I,OO2,J,0900-1059,COLMENARES - GUILLEN LUIS ENRIQUE,1CCO3/114
12442,CCOS 252,Sistemas Operativos I,OO3,L,1300-1359,GONZALEZ - FLORES MARCOS,1CCO3/101
12442,CCOS 252,Sistemas Operativos I,OO3,M,1300-1459,GONZALEZ - FLORES MARCOS,1CCO3/101
12442,CCOS 252,Sistemas Operativos I,OO3,V,1300-1459,GONZALEZ - FLORES MARCOS,1CCO4/402
12669,CCOS 252,Sistemas Operativos I,OO4,L,1500-1559,ORATO - RAMIREZ JOSE MARTIN,1CCO4/203
12669,CCOS 252,Sistemas Operativos I,OO4,M,1500-1659,ORATO - RAMIREZ JOSE MARTIN,1CCO4/203
12669,CCOS 252,Sistemas Operativos I,OO4,V,1500-1659,ORATO - RAMIREZ JOSE MARTIN,1CCO3/101
13718,CCOS 252,Sistemas Operativos I,OO7,L,0800-0859,MENDEZ - SANCHEZ LUIS YAEL,1CCO4/308
13718,CCOS 252,Sistemas Operativos I,OO7,A,0700-0859,MENDEZ - SANCHEZ LUIS YAEL,1CCO4/308
13718,CCOS 252,Sistemas Operativos I,OO7,J,0700-0859,MENDEZ - SANCHEZ LUIS YAEL,1CCO4/308
13990,CCOS 252,Sistemas Operativos I,OO9,L,1200-1259,CERON - GARNICA CARMEN,1CCO3/109
13990,CCOS 252,Sistemas Operativos I,OO9,A,1100-1259,CERON - GARNICA CARMEN,1CCO3/109
13990,CCOS 252,Sistemas Operativos I,OO9,J,1100-1259,CERON - GARNICA CARMEN,1CCO4/301
12170,CCOS 254,Sistemas Operativos II,OO2,L,1100-1159,COLMENARES - GUILLEN LUIS ENRIQUE,1CCO3/101
12170,CCOS 254,Sistemas Operativos II,OO2,M,1100-1259,COLMENARES - GUILLEN LUIS ENRIQUE,1CCO3/109
12170,CCOS 254,Sistemas Operativos II,OO2,V,1100-1259,COLMENARES - GUILLEN LUIS ENRIQUE,1CCO3/101
12445,CCOS 254,Sistemas Operativos II,OO3,L,1300-1359,CERON - GARNICA CARMEN,1CCO3/114
12445,CCOS 254,Sistemas Operativos II,OO3,M,1300-1459,CERON - GARNICA CARMEN,1CCO5/201
12445,CCOS 254,Sistemas Operativos II,OO3,V,1300-1459,CERON - GARNICA CARMEN,1CCO3/114
14532,CCOS 254,Sistemas Operativos II,OO4,L,1700-1759,ROMAN - FLORES ALBERTO,1CCO4/306
14532,CCOS 254,Sistemas Operativos II,OO4,M,1700-1859,ROMAN - FLORES ALBERTO,1CCO4/306
14532,CCOS 254,Sistemas Operativos II,OO4,V,1700-1859,ROMAN - FLORES ALBERTO,1CCO4/306
12944,CCOS 254,Sistemas Operativos II,OO5,L,1400-1459,ORATO - RAMIREZ JOSE MARTIN,1CCO4/307
12944,CCOS 254,Sistemas Operativos II,OO5,A,1300-1459,ORATO - RAMIREZ JOSE MARTIN,1CCO4/307
12944,CCOS 254,Sistemas Operativos II,OO5,J,1300-1459,ORATO - RAMIREZ JOSE MARTIN,1CCO4/402
13318,CCOS 254,Sistemas Operativos II,OO6,L,0800-0859,Arlem Aleida Castillo,1CCO4/307
13318,CCOS 254,Sistemas Operativos II,OO6,A,0700-0859,Arlem Aleida Castillo,1CCO4/307
13318,CCOS 254,Sistemas Operativos II,OO6,J,0700-0859,Arlem Aleida Castillo,1CCO4/301
13726,CCOS 254,Sistemas Operativos II,OO7,L,1100-1159,DE LA ROSA - FLORES RAFAEL,1CCO2/208
13726,CCOS 254,Sistemas Operativos II,OO7,M,1100-1259,DE LA ROSA - FLORES RAFAEL,1CCO2/208
13726,CCOS 254,Sistemas Operativos II,OO7,V,1100-1259,DE LA ROSA - FLORES RAFAEL,1CCO2/208
31857,CCOS 254,Sistemas Operativos II,OO8,L,0900-0959,PEREZ - MARCIAL JUDITH,1CCO2/208
31857,CCOS 254,Sistemas Operativos II,OO8,M,0900-1059,PEREZ - MARCIAL JUDITH,1CCO2/208
31857,CCOS 254,Sistemas Operativos II,OO8,V,0900-1059,PEREZ - MARCIAL JUDITH,1CCO2/208
11031,CCOS 600,Web Semantica,OO1,L,2000-2059,Reynold Osuna González,1CCO4/403
11031,CCOS 600,Web Semantica,OO1,A,1900-2059,Reynold Osuna González,1CCO4/403
11031,CCOS 600,Web Semantica,OO1,J,1900-2059,Reynold Osuna González,1CCO4/403
